<?xml version="1.0" encoding="UTF-8"?>
<export version="D">
  <design>
    <source>C:\Users\Jacob Smith\Documents\School\Spring 2020\ECE4011\Design Project\PCB Design\Microcontroller Board\Microcontroller Board.sch</source>
    <date>10/19/2020 11:46:47 AM</date>
    <tool>Eeschema (5.1.6)-1</tool>
    <sheet number="1" name="/" tstamps="/">
      <title_block>
        <title>SAMMS STM32 PCB</title>
        <company>DSPeople</company>
        <rev>3</rev>
        <date>2020-09-09</date>
        <source>Microcontroller Board.sch</source>
        <comment number="1" value=""/>
        <comment number="2" value=""/>
        <comment number="3" value=""/>
        <comment number="4" value=""/>
      </title_block>
    </sheet>
    <sheet number="2" name="/Power/" tstamps="/5F1765FA/">
      <title_block>
        <title>SAMMS STM32 PCB</title>
        <company>DSPeople</company>
        <rev>3</rev>
        <date>2020-09-09</date>
        <source>power.sch</source>
        <comment number="1" value=""/>
        <comment number="2" value=""/>
        <comment number="3" value=""/>
        <comment number="4" value=""/>
      </title_block>
    </sheet>
    <sheet number="3" name="/Peripherals/" tstamps="/5F3628FB/">
      <title_block>
        <title>SAMMS STM32 PCB</title>
        <company>DSPeople</company>
        <rev>3</rev>
        <date>2020-09-09</date>
        <source>peripherals.sch</source>
        <comment number="1" value=""/>
        <comment number="2" value=""/>
        <comment number="3" value=""/>
        <comment number="4" value=""/>
      </title_block>
    </sheet>
  </design>
  <components>
    <comp ref="U1">
      <value>STM32F407VGTx</value>
      <footprint>Package_QFP:LQFP-100_14x14mm_P0.5mm</footprint>
      <datasheet>http://www.st.com/st-web-ui/static/active/en/resource/technical/document/datasheet/DM00037051.pdf</datasheet>
      <libsource lib="MCU_ST_STM32F4" part="STM32F407VGTx" description="ARM Cortex-M4 MCU, 1024KB flash, 128KB RAM, 168MHz, 1.8-3.6V, 82 GPIO, LQFP-100"/>
      <sheetpath names="/" tstamps="/"/>
      <tstamp>5F138482</tstamp>
    </comp>
    <comp ref="HSE1">
      <value>25 MHz</value>
      <footprint>Crystal:Crystal_SMD_3225-4Pin_3.2x2.5mm</footprint>
      <datasheet>~</datasheet>
      <libsource lib="Device" part="Crystal_GND24_Small" description="Four pin crystal, GND on pins 2 and 4, small symbol"/>
      <sheetpath names="/" tstamps="/"/>
      <tstamp>5F146F8E</tstamp>
    </comp>
    <comp ref="C15">
      <value>2.2u</value>
      <footprint>Capacitor_SMD:C_0603_1608Metric</footprint>
      <datasheet>~</datasheet>
      <libsource lib="Device" part="C_Small" description="Unpolarized capacitor, small symbol"/>
      <sheetpath names="/" tstamps="/"/>
      <tstamp>5F1AEDA9</tstamp>
    </comp>
    <comp ref="C14">
      <value>2.2u</value>
      <footprint>Capacitor_SMD:C_0603_1608Metric</footprint>
      <datasheet>~</datasheet>
      <libsource lib="Device" part="C_Small" description="Unpolarized capacitor, small symbol"/>
      <sheetpath names="/" tstamps="/"/>
      <tstamp>5F1AF8AC</tstamp>
    </comp>
    <comp ref="C16">
      <value>18p</value>
      <footprint>Capacitor_SMD:C_0402_1005Metric</footprint>
      <datasheet>~</datasheet>
      <libsource lib="Device" part="C_Small" description="Unpolarized capacitor, small symbol"/>
      <sheetpath names="/" tstamps="/"/>
      <tstamp>5F1BCBA5</tstamp>
    </comp>
    <comp ref="C17">
      <value>18p</value>
      <footprint>Capacitor_SMD:C_0402_1005Metric</footprint>
      <datasheet>~</datasheet>
      <libsource lib="Device" part="C_Small" description="Unpolarized capacitor, small symbol"/>
      <sheetpath names="/" tstamps="/"/>
      <tstamp>5F1BD373</tstamp>
    </comp>
    <comp ref="FB1">
      <value>100 @ 100 MHz</value>
      <footprint>Inductor_SMD:L_0805_2012Metric</footprint>
      <datasheet>~</datasheet>
      <libsource lib="Device" part="Ferrite_Bead_Small" description="Ferrite bead, small symbol"/>
      <sheetpath names="/" tstamps="/"/>
      <tstamp>5F1E1DBA</tstamp>
    </comp>
    <comp ref="C9">
      <value>100n</value>
      <footprint>Capacitor_SMD:C_0402_1005Metric</footprint>
      <datasheet>~</datasheet>
      <libsource lib="Device" part="C_Small" description="Unpolarized capacitor, small symbol"/>
      <sheetpath names="/" tstamps="/"/>
      <tstamp>5F1E283F</tstamp>
    </comp>
    <comp ref="C10">
      <value>1u</value>
      <footprint>Capacitor_SMD:C_0603_1608Metric</footprint>
      <datasheet>~</datasheet>
      <libsource lib="Device" part="CP_Small" description="Polarized capacitor, small symbol"/>
      <sheetpath names="/" tstamps="/"/>
      <tstamp>5F5281CD</tstamp>
    </comp>
    <comp ref="C11">
      <value>100n</value>
      <footprint>Capacitor_SMD:C_0402_1005Metric</footprint>
      <datasheet>~</datasheet>
      <libsource lib="Device" part="C_Small" description="Unpolarized capacitor, small symbol"/>
      <sheetpath names="/" tstamps="/"/>
      <tstamp>5F52A344</tstamp>
    </comp>
    <comp ref="C12">
      <value>1u</value>
      <footprint>Capacitor_SMD:C_0603_1608Metric</footprint>
      <datasheet>~</datasheet>
      <libsource lib="Device" part="CP_Small" description="Polarized capacitor, small symbol"/>
      <sheetpath names="/" tstamps="/"/>
      <tstamp>5F52A367</tstamp>
    </comp>
    <comp ref="R1">
      <value>47</value>
      <footprint>Resistor_SMD:R_0805_2012Metric</footprint>
      <datasheet>~</datasheet>
      <libsource lib="Device" part="R_Small_US" description="Resistor, small US symbol"/>
      <sheetpath names="/" tstamps="/"/>
      <tstamp>5F52EB4A</tstamp>
    </comp>
    <comp ref="R3">
      <value>47k</value>
      <footprint>Resistor_SMD:R_0402_1005Metric</footprint>
      <datasheet>~</datasheet>
      <libsource lib="Device" part="R_Small_US" description="Resistor, small US symbol"/>
      <sheetpath names="/" tstamps="/"/>
      <tstamp>5F25D3FD</tstamp>
    </comp>
    <comp ref="R6">
      <value>68k</value>
      <footprint>Resistor_SMD:R_0402_1005Metric</footprint>
      <datasheet>~</datasheet>
      <libsource lib="Device" part="R_Small_US" description="Resistor, small US symbol"/>
      <sheetpath names="/" tstamps="/"/>
      <tstamp>5F25DA2B</tstamp>
    </comp>
    <comp ref="R7">
      <value>1.5k</value>
      <footprint>Resistor_SMD:R_0603_1608Metric</footprint>
      <datasheet>~</datasheet>
      <libsource lib="Device" part="R_Small_US" description="Resistor, small US symbol"/>
      <sheetpath names="/" tstamps="/"/>
      <tstamp>5F2DE8E6</tstamp>
    </comp>
    <comp ref="R8">
      <value>1.5k</value>
      <footprint>Resistor_SMD:R_0603_1608Metric</footprint>
      <datasheet>~</datasheet>
      <libsource lib="Device" part="R_Small_US" description="Resistor, small US symbol"/>
      <sheetpath names="/" tstamps="/"/>
      <tstamp>5F2E3AF9</tstamp>
    </comp>
    <comp ref="R9">
      <value>4.7k</value>
      <footprint>Resistor_SMD:R_0603_1608Metric</footprint>
      <datasheet>~</datasheet>
      <libsource lib="Device" part="R_Small_US" description="Resistor, small US symbol"/>
      <sheetpath names="/" tstamps="/"/>
      <tstamp>5F2E7A02</tstamp>
    </comp>
    <comp ref="R10">
      <value>4.7k</value>
      <footprint>Resistor_SMD:R_0603_1608Metric</footprint>
      <datasheet>~</datasheet>
      <libsource lib="Device" part="R_Small_US" description="Resistor, small US symbol"/>
      <sheetpath names="/" tstamps="/"/>
      <tstamp>5F2E7FF0</tstamp>
    </comp>
    <comp ref="R4">
      <value>10k</value>
      <footprint>Resistor_SMD:R_0402_1005Metric</footprint>
      <datasheet>~</datasheet>
      <libsource lib="Device" part="R_Small_US" description="Resistor, small US symbol"/>
      <sheetpath names="/" tstamps="/"/>
      <tstamp>5F32DFDC</tstamp>
    </comp>
    <comp ref="R5">
      <value>10k</value>
      <footprint>Resistor_SMD:R_0402_1005Metric</footprint>
      <datasheet>~</datasheet>
      <libsource lib="Device" part="R_Small_US" description="Resistor, small US symbol"/>
      <sheetpath names="/" tstamps="/"/>
      <tstamp>5F32E361</tstamp>
    </comp>
    <comp ref="C13">
      <value>100n</value>
      <footprint>Capacitor_SMD:C_0402_1005Metric</footprint>
      <datasheet>~</datasheet>
      <libsource lib="Device" part="C_Small" description="Unpolarized capacitor, small symbol"/>
      <sheetpath names="/" tstamps="/"/>
      <tstamp>5F2C8A67</tstamp>
    </comp>
    <comp ref="R11">
      <value>1.5k</value>
      <footprint>Resistor_SMD:R_0603_1608Metric</footprint>
      <datasheet>~</datasheet>
      <libsource lib="Device" part="R_Small_US" description="Resistor, small US symbol"/>
      <sheetpath names="/" tstamps="/"/>
      <tstamp>5F3D595A</tstamp>
    </comp>
    <comp ref="R12">
      <value>680</value>
      <footprint>Resistor_SMD:R_0603_1608Metric</footprint>
      <datasheet>~</datasheet>
      <libsource lib="Device" part="R_Small_US" description="Resistor, small US symbol"/>
      <sheetpath names="/" tstamps="/"/>
      <tstamp>5F3E298D</tstamp>
    </comp>
    <comp ref="D3">
      <value>R</value>
      <footprint>LED_SMD:LED_0603_1608Metric</footprint>
      <datasheet>~</datasheet>
      <libsource lib="Device" part="LED_Small" description="Light emitting diode, small symbol"/>
      <sheetpath names="/" tstamps="/"/>
      <tstamp>5F3EB97A</tstamp>
    </comp>
    <comp ref="R13">
      <value>1.5k</value>
      <footprint>Resistor_SMD:R_0603_1608Metric</footprint>
      <datasheet>~</datasheet>
      <libsource lib="Device" part="R_Small_US" description="Resistor, small US symbol"/>
      <sheetpath names="/" tstamps="/"/>
      <tstamp>5F3EB980</tstamp>
    </comp>
    <comp ref="D4">
      <value>Y</value>
      <footprint>LED_SMD:LED_0603_1608Metric</footprint>
      <datasheet>~</datasheet>
      <libsource lib="Device" part="LED_Small" description="Light emitting diode, small symbol"/>
      <sheetpath names="/" tstamps="/"/>
      <tstamp>5F3F0256</tstamp>
    </comp>
    <comp ref="R14">
      <value>1.5k</value>
      <footprint>Resistor_SMD:R_0603_1608Metric</footprint>
      <datasheet>~</datasheet>
      <libsource lib="Device" part="R_Small_US" description="Resistor, small US symbol"/>
      <sheetpath names="/" tstamps="/"/>
      <tstamp>5F3F025C</tstamp>
    </comp>
    <comp ref="D5">
      <value>Y</value>
      <footprint>LED_SMD:LED_0603_1608Metric</footprint>
      <datasheet>~</datasheet>
      <libsource lib="Device" part="LED_Small" description="Light emitting diode, small symbol"/>
      <sheetpath names="/" tstamps="/"/>
      <tstamp>5F3F508D</tstamp>
    </comp>
    <comp ref="R15">
      <value>1.5k</value>
      <footprint>Resistor_SMD:R_0603_1608Metric</footprint>
      <datasheet>~</datasheet>
      <libsource lib="Device" part="R_Small_US" description="Resistor, small US symbol"/>
      <sheetpath names="/" tstamps="/"/>
      <tstamp>5F3F5093</tstamp>
    </comp>
    <comp ref="J1">
      <value>SWD</value>
      <footprint>Connector_PinSocket_2.54mm:PinSocket_1x06_P2.54mm_Vertical</footprint>
      <datasheet>~</datasheet>
      <libsource lib="Connector_Generic" part="Conn_01x06" description="Generic connector, single row, 01x06, script generated (kicad-library-utils/schlib/autogen/connector/)"/>
      <sheetpath names="/" tstamps="/"/>
      <tstamp>5F39DE97</tstamp>
    </comp>
    <comp ref="R2">
      <value>510</value>
      <footprint>Resistor_SMD:R_0402_1005Metric</footprint>
      <datasheet>~</datasheet>
      <libsource lib="Device" part="R_Small_US" description="Resistor, small US symbol"/>
      <sheetpath names="/" tstamps="/"/>
      <tstamp>5F490A91</tstamp>
    </comp>
    <comp ref="SW1">
      <value>SW_DIP_x06</value>
      <footprint>Jacobs-footprints:SW_DIP_SPSTx06_TDA06H0SB1_W7.62mm_P1.27mm</footprint>
      <datasheet>~</datasheet>
      <libsource lib="Switch" part="SW_DIP_x06" description="6x DIP Switch, Single Pole Single Throw (SPST) switch, small symbol"/>
      <sheetpath names="/" tstamps="/"/>
      <tstamp>5F625281</tstamp>
    </comp>
    <comp ref="R16">
      <value>47k</value>
      <footprint>Resistor_SMD:R_0402_1005Metric</footprint>
      <datasheet>~</datasheet>
      <libsource lib="Device" part="R_Small_US" description="Resistor, small US symbol"/>
      <sheetpath names="/" tstamps="/"/>
      <tstamp>5F6635AA</tstamp>
    </comp>
    <comp ref="R17">
      <value>47k</value>
      <footprint>Resistor_SMD:R_0402_1005Metric</footprint>
      <datasheet>~</datasheet>
      <libsource lib="Device" part="R_Small_US" description="Resistor, small US symbol"/>
      <sheetpath names="/" tstamps="/"/>
      <tstamp>5F721491</tstamp>
    </comp>
    <comp ref="R18">
      <value>47k</value>
      <footprint>Resistor_SMD:R_0402_1005Metric</footprint>
      <datasheet>~</datasheet>
      <libsource lib="Device" part="R_Small_US" description="Resistor, small US symbol"/>
      <sheetpath names="/" tstamps="/"/>
      <tstamp>5F721689</tstamp>
    </comp>
    <comp ref="R19">
      <value>47k</value>
      <footprint>Resistor_SMD:R_0402_1005Metric</footprint>
      <datasheet>~</datasheet>
      <libsource lib="Device" part="R_Small_US" description="Resistor, small US symbol"/>
      <sheetpath names="/" tstamps="/"/>
      <tstamp>5F721881</tstamp>
    </comp>
    <comp ref="R20">
      <value>47k</value>
      <footprint>Resistor_SMD:R_0402_1005Metric</footprint>
      <datasheet>~</datasheet>
      <libsource lib="Device" part="R_Small_US" description="Resistor, small US symbol"/>
      <sheetpath names="/" tstamps="/"/>
      <tstamp>5F721B27</tstamp>
    </comp>
    <comp ref="R21">
      <value>47k</value>
      <footprint>Resistor_SMD:R_0402_1005Metric</footprint>
      <datasheet>~</datasheet>
      <libsource lib="Device" part="R_Small_US" description="Resistor, small US symbol"/>
      <sheetpath names="/" tstamps="/"/>
      <tstamp>5F721CA9</tstamp>
    </comp>
    <comp ref="J2">
      <value>GPIO Header</value>
      <footprint>Connector_PinSocket_2.54mm:PinSocket_2x10_P2.54mm_Vertical</footprint>
      <datasheet>~</datasheet>
      <libsource lib="Connector_Generic" part="Conn_02x10_Odd_Even" description="Generic connector, double row, 02x10, odd/even pin numbering scheme (row 1 odd numbers, row 2 even numbers), script generated (kicad-library-utils/schlib/autogen/connector/)"/>
      <sheetpath names="/" tstamps="/"/>
      <tstamp>5F9A5FC8</tstamp>
    </comp>
    <comp ref="TP7">
      <value>VREF</value>
      <footprint>digikey-footprints:PROBE_PAD_0603</footprint>
      <datasheet>~</datasheet>
      <libsource lib="Connector" part="TestPoint" description="test point"/>
      <sheetpath names="/" tstamps="/"/>
      <tstamp>5FAF6C39</tstamp>
    </comp>
    <comp ref="J3">
      <value>Headset/Power Header</value>
      <footprint>TerminalBlock_TE-Connectivity:TerminalBlock_TE_1-282834-0_1x10_P2.54mm_Horizontal</footprint>
      <datasheet>~</datasheet>
      <libsource lib="Connector_Generic" part="Conn_01x10" description="Generic connector, single row, 01x10, script generated (kicad-library-utils/schlib/autogen/connector/)"/>
      <sheetpath names="/" tstamps="/"/>
      <tstamp>5F853441</tstamp>
    </comp>
    <comp ref="C1">
      <value>10u</value>
      <footprint>Capacitor_SMD:C_0603_1608Metric</footprint>
      <datasheet>~</datasheet>
      <libsource lib="Device" part="CP_Small" description="Polarized capacitor, small symbol"/>
      <sheetpath names="/" tstamps="/"/>
      <tstamp>5F5276C6</tstamp>
    </comp>
    <comp ref="C7">
      <value>100n</value>
      <footprint>Capacitor_SMD:C_0402_1005Metric</footprint>
      <datasheet>~</datasheet>
      <libsource lib="Device" part="C_Small" description="Unpolarized capacitor, small symbol"/>
      <sheetpath names="/" tstamps="/"/>
      <tstamp>5F18792D</tstamp>
    </comp>
    <comp ref="C6">
      <value>100n</value>
      <footprint>Capacitor_SMD:C_0402_1005Metric</footprint>
      <datasheet>~</datasheet>
      <libsource lib="Device" part="C_Small" description="Unpolarized capacitor, small symbol"/>
      <sheetpath names="/" tstamps="/"/>
      <tstamp>5F1876E7</tstamp>
    </comp>
    <comp ref="C5">
      <value>100n</value>
      <footprint>Capacitor_SMD:C_0402_1005Metric</footprint>
      <datasheet>~</datasheet>
      <libsource lib="Device" part="C_Small" description="Unpolarized capacitor, small symbol"/>
      <sheetpath names="/" tstamps="/"/>
      <tstamp>5F1874D9</tstamp>
    </comp>
    <comp ref="C4">
      <value>100n</value>
      <footprint>Capacitor_SMD:C_0402_1005Metric</footprint>
      <datasheet>~</datasheet>
      <libsource lib="Device" part="C_Small" description="Unpolarized capacitor, small symbol"/>
      <sheetpath names="/" tstamps="/"/>
      <tstamp>5F187262</tstamp>
    </comp>
    <comp ref="C3">
      <value>100n</value>
      <footprint>Capacitor_SMD:C_0402_1005Metric</footprint>
      <datasheet>~</datasheet>
      <libsource lib="Device" part="C_Small" description="Unpolarized capacitor, small symbol"/>
      <sheetpath names="/" tstamps="/"/>
      <tstamp>5F186ED3</tstamp>
    </comp>
    <comp ref="C2">
      <value>100n</value>
      <footprint>Capacitor_SMD:C_0402_1005Metric</footprint>
      <datasheet>~</datasheet>
      <libsource lib="Device" part="C_Small" description="Unpolarized capacitor, small symbol"/>
      <sheetpath names="/" tstamps="/"/>
      <tstamp>5F186D59</tstamp>
    </comp>
    <comp ref="H2">
      <value>Mount_Pad</value>
      <footprint>MountingHole:MountingHole_3mm_Pad_Via</footprint>
      <datasheet>~</datasheet>
      <libsource lib="Mechanical" part="MountingHole_Pad" description="Mounting Hole with connection"/>
      <sheetpath names="/" tstamps="/"/>
      <tstamp>5F6005FC</tstamp>
    </comp>
    <comp ref="H4">
      <value>Mount_Pad</value>
      <footprint>MountingHole:MountingHole_3mm_Pad_Via</footprint>
      <datasheet>~</datasheet>
      <libsource lib="Mechanical" part="MountingHole_Pad" description="Mounting Hole with connection"/>
      <sheetpath names="/" tstamps="/"/>
      <tstamp>5F600602</tstamp>
    </comp>
    <comp ref="H3">
      <value>Mount_Pad</value>
      <footprint>MountingHole:MountingHole_3mm_Pad_Via</footprint>
      <datasheet>~</datasheet>
      <libsource lib="Mechanical" part="MountingHole_Pad" description="Mounting Hole with connection"/>
      <sheetpath names="/" tstamps="/"/>
      <tstamp>5F600608</tstamp>
    </comp>
    <comp ref="H1">
      <value>Mount_Pad</value>
      <footprint>MountingHole:MountingHole_3mm_Pad_Via</footprint>
      <datasheet>~</datasheet>
      <libsource lib="Mechanical" part="MountingHole_Pad" description="Mounting Hole with connection"/>
      <sheetpath names="/" tstamps="/"/>
      <tstamp>5F60060E</tstamp>
    </comp>
    <comp ref="R26">
      <value>47k</value>
      <footprint>Resistor_SMD:R_0402_1005Metric</footprint>
      <datasheet>~</datasheet>
      <libsource lib="Device" part="R_Small_US" description="Resistor, small US symbol"/>
      <sheetpath names="/" tstamps="/"/>
      <tstamp>5F920405</tstamp>
    </comp>
    <comp ref="R34">
      <value>47k</value>
      <footprint>Resistor_SMD:R_0402_1005Metric</footprint>
      <datasheet>~</datasheet>
      <libsource lib="Device" part="R_Small_US" description="Resistor, small US symbol"/>
      <sheetpath names="/" tstamps="/"/>
      <tstamp>5F92040B</tstamp>
    </comp>
    <comp ref="D2">
      <value>G</value>
      <footprint>LED_SMD:LED_0603_1608Metric</footprint>
      <datasheet>~</datasheet>
      <libsource lib="Device" part="LED_Small" description="Light emitting diode, small symbol"/>
      <sheetpath names="/" tstamps="/"/>
      <tstamp>5F3E2987</tstamp>
    </comp>
    <comp ref="D1">
      <value>R</value>
      <footprint>LED_SMD:LED_0603_1608Metric</footprint>
      <datasheet>~</datasheet>
      <libsource lib="Device" part="LED_Small" description="Light emitting diode, small symbol"/>
      <sheetpath names="/" tstamps="/"/>
      <tstamp>5F3D5138</tstamp>
    </comp>
    <comp ref="FB2">
      <value>100 @ 100 MHz</value>
      <footprint>Inductor_SMD:L_0805_2012Metric</footprint>
      <datasheet>~</datasheet>
      <libsource lib="Device" part="Ferrite_Bead_Small" description="Ferrite bead, small symbol"/>
      <sheetpath names="/Power/" tstamps="/5F1765FA/"/>
      <tstamp>5F17EC07</tstamp>
    </comp>
    <comp ref="F1">
      <value>500 mA</value>
      <footprint>Fuse:Fuse_0805_2012Metric</footprint>
      <datasheet>~</datasheet>
      <libsource lib="Device" part="Fuse_Small" description="Fuse, small symbol"/>
      <sheetpath names="/Power/" tstamps="/5F1765FA/"/>
      <tstamp>5F17EC0D</tstamp>
    </comp>
    <comp ref="U2">
      <value>LD39200PU33R</value>
      <footprint>Regulator_LD39200PUR:LD39200PU33R</footprint>
      <libsource lib="Regulator_LD39200PUR" part="LD39200PU33R" description=""/>
      <sheetpath names="/Power/" tstamps="/5F1765FA/"/>
      <tstamp>5F278741</tstamp>
    </comp>
    <comp ref="U4">
      <value>LD39200PUR</value>
      <footprint>Regulator_LD39200PUR:LD39200PU33R</footprint>
      <libsource lib="Regulator_LD39200PUR" part="LD39200PU33R" description=""/>
      <sheetpath names="/Power/" tstamps="/5F1765FA/"/>
      <tstamp>5F279520</tstamp>
    </comp>
    <comp ref="C22">
      <value>10u</value>
      <footprint>Capacitor_SMD:C_0603_1608Metric</footprint>
      <datasheet>~</datasheet>
      <libsource lib="Device" part="C_Small" description="Unpolarized capacitor, small symbol"/>
      <sheetpath names="/Power/" tstamps="/5F1765FA/"/>
      <tstamp>5F291F4D</tstamp>
    </comp>
    <comp ref="C20">
      <value>10u</value>
      <footprint>Capacitor_SMD:C_0603_1608Metric</footprint>
      <datasheet>~</datasheet>
      <libsource lib="Device" part="C_Small" description="Unpolarized capacitor, small symbol"/>
      <sheetpath names="/Power/" tstamps="/5F1765FA/"/>
      <tstamp>5F292837</tstamp>
    </comp>
    <comp ref="C25">
      <value>10u</value>
      <footprint>Capacitor_SMD:C_0603_1608Metric</footprint>
      <datasheet>~</datasheet>
      <libsource lib="Device" part="C_Small" description="Unpolarized capacitor, small symbol"/>
      <sheetpath names="/Power/" tstamps="/5F1765FA/"/>
      <tstamp>5F298B43</tstamp>
    </comp>
    <comp ref="C24">
      <value>10u</value>
      <footprint>Capacitor_SMD:C_0603_1608Metric</footprint>
      <datasheet>~</datasheet>
      <libsource lib="Device" part="C_Small" description="Unpolarized capacitor, small symbol"/>
      <sheetpath names="/Power/" tstamps="/5F1765FA/"/>
      <tstamp>5F299C3E</tstamp>
    </comp>
    <comp ref="R33">
      <value>68k</value>
      <footprint>Resistor_SMD:R_0402_1005Metric</footprint>
      <datasheet>~</datasheet>
      <libsource lib="Device" part="R_Small_US" description="Resistor, small US symbol"/>
      <sheetpath names="/Power/" tstamps="/5F1765FA/"/>
      <tstamp>5F29C1BD</tstamp>
    </comp>
    <comp ref="R30">
      <value>68k</value>
      <footprint>Resistor_SMD:R_0402_1005Metric</footprint>
      <datasheet>~</datasheet>
      <libsource lib="Device" part="R_Small_US" description="Resistor, small US symbol"/>
      <sheetpath names="/Power/" tstamps="/5F1765FA/"/>
      <tstamp>5F2A4D6D</tstamp>
    </comp>
    <comp ref="R31">
      <value>12k</value>
      <footprint>Resistor_SMD:R_0402_1005Metric</footprint>
      <datasheet>~</datasheet>
      <libsource lib="Device" part="R_Small_US" description="Resistor, small US symbol"/>
      <sheetpath names="/Power/" tstamps="/5F1765FA/"/>
      <tstamp>5F2A5A91</tstamp>
    </comp>
    <comp ref="RV1">
      <value>10k</value>
      <footprint>Potentiometer_SMD:Potentiometer_Bourns_TC33X_Vertical</footprint>
      <datasheet>~</datasheet>
      <libsource lib="Device" part="R_POT_Small" description="Potentiometer"/>
      <sheetpath names="/Power/" tstamps="/5F1765FA/"/>
      <tstamp>5F2DA89F</tstamp>
    </comp>
    <comp ref="U3">
      <value>BQ24075</value>
      <footprint>BQ24075RGTR:QFN50P300X300X100-17N</footprint>
      <datasheet>http://www.ti.com/lit/ds/symlink/bq24075.pdf</datasheet>
      <libsource lib="Battery_Management" part="BQ24075" description="USB-Friendly Li-Ion Battery Charger and Power-Path Management"/>
      <sheetpath names="/Power/" tstamps="/5F1765FA/"/>
      <tstamp>5F2F7B84</tstamp>
    </comp>
    <comp ref="C23">
      <value>4.7u</value>
      <footprint>Capacitor_SMD:C_0603_1608Metric</footprint>
      <datasheet>~</datasheet>
      <libsource lib="Device" part="C_Small" description="Unpolarized capacitor, small symbol"/>
      <sheetpath names="/Power/" tstamps="/5F1765FA/"/>
      <tstamp>5F300F4C</tstamp>
    </comp>
    <comp ref="R27">
      <value>10k</value>
      <footprint>Resistor_SMD:R_0402_1005Metric</footprint>
      <datasheet>~</datasheet>
      <libsource lib="Device" part="R_Small_US" description="Resistor, small US symbol"/>
      <sheetpath names="/Power/" tstamps="/5F1765FA/"/>
      <tstamp>5F300F5F</tstamp>
    </comp>
    <comp ref="R25">
      <value>0</value>
      <footprint>Resistor_SMD:R_0402_1005Metric</footprint>
      <datasheet>~</datasheet>
      <libsource lib="Device" part="R_Small_US" description="Resistor, small US symbol"/>
      <sheetpath names="/Power/" tstamps="/5F1765FA/"/>
      <tstamp>5F3143CB</tstamp>
    </comp>
    <comp ref="C21">
      <value>10u</value>
      <footprint>Capacitor_SMD:C_0603_1608Metric</footprint>
      <datasheet>~</datasheet>
      <libsource lib="Device" part="C_Small" description="Unpolarized capacitor, small symbol"/>
      <sheetpath names="/Power/" tstamps="/5F1765FA/"/>
      <tstamp>5F3189B3</tstamp>
    </comp>
    <comp ref="TP10">
      <value>5V</value>
      <footprint>digikey-footprints:PROBE_PAD_0603</footprint>
      <datasheet>~</datasheet>
      <libsource lib="Connector" part="TestPoint_Small" description="test point"/>
      <sheetpath names="/Power/" tstamps="/5F1765FA/"/>
      <tstamp>5F31CCCA</tstamp>
    </comp>
    <comp ref="TP11">
      <value>UNREG</value>
      <footprint>digikey-footprints:PROBE_PAD_0603</footprint>
      <datasheet>~</datasheet>
      <libsource lib="Connector" part="TestPoint_Small" description="test point"/>
      <sheetpath names="/Power/" tstamps="/5F1765FA/"/>
      <tstamp>5F31D7B8</tstamp>
    </comp>
    <comp ref="TP12">
      <value>3V3</value>
      <footprint>digikey-footprints:PROBE_PAD_0603</footprint>
      <datasheet>~</datasheet>
      <libsource lib="Connector" part="TestPoint_Small" description="test point"/>
      <sheetpath names="/Power/" tstamps="/5F1765FA/"/>
      <tstamp>5F31DA1D</tstamp>
    </comp>
    <comp ref="TP13">
      <value>VPP</value>
      <footprint>digikey-footprints:PROBE_PAD_0603</footprint>
      <datasheet>~</datasheet>
      <libsource lib="Connector" part="TestPoint_Small" description="test point"/>
      <sheetpath names="/Power/" tstamps="/5F1765FA/"/>
      <tstamp>5F31DC06</tstamp>
    </comp>
    <comp ref="LED4">
      <value>Y</value>
      <footprint>LED_SMD:LED_0603_1608Metric</footprint>
      <datasheet>~</datasheet>
      <libsource lib="Device" part="LED_Small" description="Light emitting diode, small symbol"/>
      <sheetpath names="/Power/" tstamps="/5F1765FA/"/>
      <tstamp>5F341743</tstamp>
    </comp>
    <comp ref="R37">
      <value>2k</value>
      <footprint>Resistor_SMD:R_0402_1005Metric</footprint>
      <datasheet>~</datasheet>
      <libsource lib="Device" part="R_Small_US" description="Resistor, small US symbol"/>
      <sheetpath names="/Power/" tstamps="/5F1765FA/"/>
      <tstamp>5F34304B</tstamp>
    </comp>
    <comp ref="R28">
      <value>3.3k</value>
      <footprint>Resistor_SMD:R_0402_1005Metric</footprint>
      <datasheet>~</datasheet>
      <libsource lib="Device" part="R_Small_US" description="Resistor, small US symbol"/>
      <sheetpath names="/Power/" tstamps="/5F1765FA/"/>
      <tstamp>5F392116</tstamp>
    </comp>
    <comp ref="R35">
      <value>1k</value>
      <footprint>Resistor_SMD:R_0402_1005Metric</footprint>
      <datasheet>~</datasheet>
      <libsource lib="Device" part="R_Small_US" description="Resistor, small US symbol"/>
      <sheetpath names="/Power/" tstamps="/5F1765FA/"/>
      <tstamp>5F342ADA</tstamp>
    </comp>
    <comp ref="LED3">
      <value>G</value>
      <footprint>LED_SMD:LED_0603_1608Metric</footprint>
      <datasheet>~</datasheet>
      <libsource lib="Device" part="LED_Small" description="Light emitting diode, small symbol"/>
      <sheetpath names="/Power/" tstamps="/5F1765FA/"/>
      <tstamp>5F34270B</tstamp>
    </comp>
    <comp ref="C18">
      <value>100n</value>
      <footprint>Capacitor_SMD:C_0402_1005Metric</footprint>
      <datasheet>~</datasheet>
      <libsource lib="Device" part="C_Small" description="Unpolarized capacitor, small symbol"/>
      <sheetpath names="/Power/" tstamps="/5F1765FA/"/>
      <tstamp>5F2F23A9</tstamp>
    </comp>
    <comp ref="R23">
      <value>68k</value>
      <footprint>Resistor_SMD:R_0402_1005Metric</footprint>
      <datasheet>~</datasheet>
      <libsource lib="Device" part="R_Small_US" description="Resistor, small US symbol"/>
      <sheetpath names="/Power/" tstamps="/5F1765FA/"/>
      <tstamp>5F2E6B0E</tstamp>
    </comp>
    <comp ref="LED1">
      <value>Y</value>
      <footprint>LED_SMD:LED_0603_1608Metric</footprint>
      <datasheet>~</datasheet>
      <libsource lib="Device" part="LED_Small" description="Light emitting diode, small symbol"/>
      <sheetpath names="/Power/" tstamps="/5F1765FA/"/>
      <tstamp>5F50F353</tstamp>
    </comp>
    <comp ref="R24">
      <value>1k</value>
      <footprint>Resistor_SMD:R_0402_1005Metric</footprint>
      <datasheet>~</datasheet>
      <libsource lib="Device" part="R_Small_US" description="Resistor, small US symbol"/>
      <sheetpath names="/Power/" tstamps="/5F1765FA/"/>
      <tstamp>5F5101E9</tstamp>
    </comp>
    <comp ref="LED2">
      <value>Y</value>
      <footprint>LED_SMD:LED_0603_1608Metric</footprint>
      <datasheet>~</datasheet>
      <libsource lib="Device" part="LED_Small" description="Light emitting diode, small symbol"/>
      <sheetpath names="/Power/" tstamps="/5F1765FA/"/>
      <tstamp>5F522565</tstamp>
    </comp>
    <comp ref="R32">
      <value>1k</value>
      <footprint>Resistor_SMD:R_0402_1005Metric</footprint>
      <datasheet>~</datasheet>
      <libsource lib="Device" part="R_Small_US" description="Resistor, small US symbol"/>
      <sheetpath names="/Power/" tstamps="/5F1765FA/"/>
      <tstamp>5F52256B</tstamp>
    </comp>
    <comp ref="R22">
      <value>47k</value>
      <footprint>Resistor_SMD:R_0402_1005Metric</footprint>
      <datasheet>~</datasheet>
      <libsource lib="Device" part="R_Small_US" description="Resistor, small US symbol"/>
      <sheetpath names="/Power/" tstamps="/5F1765FA/"/>
      <tstamp>5F827B82</tstamp>
    </comp>
    <comp ref="BT1">
      <value>BK-916-TR</value>
      <footprint>BK-916-TR:BAT_BK-916-TR</footprint>
      <datasheet>A</datasheet>
      <fields>
        <field name="Field4">Memory Protection Devices INC</field>
        <field name="Field5">MANUFACTURER RECOMMENDATIONS</field>
      </fields>
      <libsource lib="BK-916-TR" part="BK-916-TR" description=""/>
      <sheetpath names="/Power/" tstamps="/5F1765FA/"/>
      <tstamp>5F892313</tstamp>
    </comp>
    <comp ref="BAT1">
      <value>1769</value>
      <footprint>Connector_JST:JST_PH_S2B-PH-K_1x02_P2.00mm_Horizontal</footprint>
      <libsource lib="Connector_JST_1769" part="1769" description=""/>
      <sheetpath names="/Power/" tstamps="/5F1765FA/"/>
      <tstamp>5F17B0B3</tstamp>
    </comp>
    <comp ref="C19">
      <value>4.7u</value>
      <footprint>Capacitor_SMD:C_0603_1608Metric</footprint>
      <datasheet>~</datasheet>
      <libsource lib="Device" part="C_Small" description="Unpolarized capacitor, small symbol"/>
      <sheetpath names="/Power/" tstamps="/5F1765FA/"/>
      <tstamp>5F2B808D</tstamp>
    </comp>
    <comp ref="JP1">
      <value>Bridged Jumper</value>
      <footprint>Jumper:SolderJumper-2_P1.3mm_Bridged2Bar_Pad1.0x1.5mm</footprint>
      <datasheet>~</datasheet>
      <libsource lib="Jumper" part="SolderJumper_2_Bridged" description="Solder Jumper, 2-pole, closed/bridged"/>
      <sheetpath names="/Power/" tstamps="/5F1765FA/"/>
      <tstamp>5F8FD674</tstamp>
    </comp>
    <comp ref="R29">
      <value>2k</value>
      <footprint>Resistor_SMD:R_0402_1005Metric</footprint>
      <datasheet>~</datasheet>
      <libsource lib="Device" part="R_Small_US" description="Resistor, small US symbol"/>
      <sheetpath names="/Power/" tstamps="/5F1765FA/"/>
      <tstamp>5F391D35</tstamp>
    </comp>
    <comp ref="U7">
      <value>DRV2605LDGS</value>
      <footprint>Package_SO:VSSOP-10_3x3mm_P0.5mm</footprint>
      <datasheet>http://www.ti.com/lit/ds/symlink/drv2605l.pdf</datasheet>
      <libsource lib="Driver_Haptic" part="DRV2605LDGS" description="Haptic driver for LRAs and ERMs with effect library, 2-5.2V, VSSOP-10"/>
      <sheetpath names="/Peripherals/" tstamps="/5F3628FB/"/>
      <tstamp>5F366C20</tstamp>
    </comp>
    <comp ref="C28">
      <value>1u</value>
      <footprint>Capacitor_SMD:C_0603_1608Metric</footprint>
      <datasheet>~</datasheet>
      <libsource lib="Device" part="C_Small" description="Unpolarized capacitor, small symbol"/>
      <sheetpath names="/Peripherals/" tstamps="/5F3628FB/"/>
      <tstamp>5F366C37</tstamp>
    </comp>
    <comp ref="C27">
      <value>100n</value>
      <footprint>Capacitor_SMD:C_0402_1005Metric</footprint>
      <datasheet>~</datasheet>
      <libsource lib="Device" part="C_Small" description="Unpolarized capacitor, small symbol"/>
      <sheetpath names="/Peripherals/" tstamps="/5F3628FB/"/>
      <tstamp>5F366C60</tstamp>
    </comp>
    <comp ref="J6">
      <value>503182-1852</value>
      <footprint>MOLEX_503182:MOLEX_503182-1852</footprint>
      <datasheet>Molex</datasheet>
      <libsource lib="MOLEX_503182" part="503182-1852" description=""/>
      <sheetpath names="/Peripherals/" tstamps="/5F3628FB/"/>
      <tstamp>5F2A12B8</tstamp>
    </comp>
    <comp ref="R39">
      <value>47k</value>
      <footprint>Resistor_SMD:R_0402_1005Metric</footprint>
      <datasheet>~</datasheet>
      <libsource lib="Device" part="R_Small_US" description="Resistor, small US symbol"/>
      <sheetpath names="/Peripherals/" tstamps="/5F3628FB/"/>
      <tstamp>5F2DD02F</tstamp>
    </comp>
    <comp ref="R41">
      <value>47k</value>
      <footprint>Resistor_SMD:R_0402_1005Metric</footprint>
      <datasheet>~</datasheet>
      <libsource lib="Device" part="R_Small_US" description="Resistor, small US symbol"/>
      <sheetpath names="/Peripherals/" tstamps="/5F3628FB/"/>
      <tstamp>5F303DD3</tstamp>
    </comp>
    <comp ref="R40">
      <value>47k</value>
      <footprint>Resistor_SMD:R_0402_1005Metric</footprint>
      <datasheet>~</datasheet>
      <libsource lib="Device" part="R_Small_US" description="Resistor, small US symbol"/>
      <sheetpath names="/Peripherals/" tstamps="/5F3628FB/"/>
      <tstamp>5F304533</tstamp>
    </comp>
    <comp ref="R38">
      <value>47k</value>
      <footprint>Resistor_SMD:R_0402_1005Metric</footprint>
      <datasheet>~</datasheet>
      <libsource lib="Device" part="R_Small_US" description="Resistor, small US symbol"/>
      <sheetpath names="/Peripherals/" tstamps="/5F3628FB/"/>
      <tstamp>5F307A1F</tstamp>
    </comp>
    <comp ref="C29">
      <value>100n</value>
      <footprint>Capacitor_SMD:C_0402_1005Metric</footprint>
      <datasheet>~</datasheet>
      <libsource lib="Device" part="C_Small" description="Unpolarized capacitor, small symbol"/>
      <sheetpath names="/Peripherals/" tstamps="/5F3628FB/"/>
      <tstamp>5F33EC86</tstamp>
    </comp>
    <comp ref="U6">
      <value>USBLC6-2SC6</value>
      <footprint>Package_TO_SOT_SMD:SOT-23-6</footprint>
      <datasheet>https://www.st.com/resource/en/datasheet/usblc6-2.pdf</datasheet>
      <libsource lib="Power_Protection" part="USBLC6-2SC6" description="Very low capacitance ESD protection diode, 2 data-line, SOT-23-6"/>
      <sheetpath names="/Peripherals/" tstamps="/5F3628FB/"/>
      <tstamp>5F381A6C</tstamp>
    </comp>
    <comp ref="Rf1">
      <value>68k</value>
      <footprint>Resistor_SMD:R_0603_1608Metric</footprint>
      <datasheet>~</datasheet>
      <libsource lib="Device" part="R_Small_US" description="Resistor, small US symbol"/>
      <sheetpath names="/Peripherals/" tstamps="/5F3628FB/"/>
      <tstamp>5F954E50</tstamp>
    </comp>
    <comp ref="Cf1">
      <value>470p</value>
      <footprint>Capacitor_SMD:C_0603_1608Metric</footprint>
      <datasheet>~</datasheet>
      <libsource lib="Device" part="C_Small" description="Unpolarized capacitor, small symbol"/>
      <sheetpath names="/Peripherals/" tstamps="/5F3628FB/"/>
      <tstamp>5F954E56</tstamp>
    </comp>
    <comp ref="Cin1">
      <value>1u</value>
      <footprint>Capacitor_SMD:C_0603_1608Metric</footprint>
      <datasheet>~</datasheet>
      <libsource lib="Device" part="C_Small" description="Unpolarized capacitor, small symbol"/>
      <sheetpath names="/Peripherals/" tstamps="/5F3628FB/"/>
      <tstamp>5F954E68</tstamp>
    </comp>
    <comp ref="Rin1">
      <value>1.5k</value>
      <footprint>Resistor_SMD:R_0603_1608Metric</footprint>
      <datasheet>~</datasheet>
      <libsource lib="Device" part="R_Small_US" description="Resistor, small US symbol"/>
      <sheetpath names="/Peripherals/" tstamps="/5F3628FB/"/>
      <tstamp>5F954E6E</tstamp>
    </comp>
    <comp ref="Co1">
      <value>470n</value>
      <footprint>Capacitor_SMD:C_0603_1608Metric</footprint>
      <datasheet>~</datasheet>
      <libsource lib="Device" part="C_Small" description="Unpolarized capacitor, small symbol"/>
      <sheetpath names="/Peripherals/" tstamps="/5F3628FB/"/>
      <tstamp>5F954E4A</tstamp>
    </comp>
    <comp ref="Ro1">
      <value>33</value>
      <footprint>Resistor_SMD:R_0603_1608Metric</footprint>
      <datasheet>~</datasheet>
      <libsource lib="Device" part="R_Small_US" description="Resistor, small US symbol"/>
      <sheetpath names="/Peripherals/" tstamps="/5F3628FB/"/>
      <tstamp>5F954E5E</tstamp>
    </comp>
    <comp ref="Rin2">
      <value>1.5k</value>
      <footprint>Resistor_SMD:R_0603_1608Metric</footprint>
      <datasheet>~</datasheet>
      <libsource lib="Device" part="R_Small_US" description="Resistor, small US symbol"/>
      <sheetpath names="/Peripherals/" tstamps="/5F3628FB/"/>
      <tstamp>5F2DF342</tstamp>
    </comp>
    <comp ref="Cin2">
      <value>1u</value>
      <footprint>Capacitor_SMD:C_0603_1608Metric</footprint>
      <datasheet>~</datasheet>
      <libsource lib="Device" part="C_Small" description="Unpolarized capacitor, small symbol"/>
      <sheetpath names="/Peripherals/" tstamps="/5F3628FB/"/>
      <tstamp>5F29AC6A</tstamp>
    </comp>
    <comp ref="Rb2">
      <value>15k</value>
      <footprint>Resistor_SMD:R_0603_1608Metric</footprint>
      <datasheet>~</datasheet>
      <libsource lib="Device" part="R_Small_US" description="Resistor, small US symbol"/>
      <sheetpath names="/Peripherals/" tstamps="/5F3628FB/"/>
      <tstamp>5F2855C5</tstamp>
    </comp>
    <comp ref="Cb2">
      <value>1u</value>
      <footprint>Capacitor_SMD:C_0603_1608Metric</footprint>
      <datasheet>~</datasheet>
      <libsource lib="Device" part="C_Small" description="Unpolarized capacitor, small symbol"/>
      <sheetpath names="/Peripherals/" tstamps="/5F3628FB/"/>
      <tstamp>5F2873B6</tstamp>
    </comp>
    <comp ref="Ro2">
      <value>33</value>
      <footprint>Resistor_SMD:R_0603_1608Metric</footprint>
      <datasheet>~</datasheet>
      <libsource lib="Device" part="R_Small_US" description="Resistor, small US symbol"/>
      <sheetpath names="/Peripherals/" tstamps="/5F3628FB/"/>
      <tstamp>5F2C5E29</tstamp>
    </comp>
    <comp ref="Cf2">
      <value>470p</value>
      <footprint>Capacitor_SMD:C_0603_1608Metric</footprint>
      <datasheet>~</datasheet>
      <libsource lib="Device" part="C_Small" description="Unpolarized capacitor, small symbol"/>
      <sheetpath names="/Peripherals/" tstamps="/5F3628FB/"/>
      <tstamp>5F2DF336</tstamp>
    </comp>
    <comp ref="Rf2">
      <value>68k</value>
      <footprint>Resistor_SMD:R_0603_1608Metric</footprint>
      <datasheet>~</datasheet>
      <libsource lib="Device" part="R_Small_US" description="Resistor, small US symbol"/>
      <sheetpath names="/Peripherals/" tstamps="/5F3628FB/"/>
      <tstamp>5F2DF33C</tstamp>
    </comp>
    <comp ref="Co2">
      <value>470n</value>
      <footprint>Capacitor_SMD:C_0603_1608Metric</footprint>
      <datasheet>~</datasheet>
      <libsource lib="Device" part="C_Small" description="Unpolarized capacitor, small symbol"/>
      <sheetpath names="/Peripherals/" tstamps="/5F3628FB/"/>
      <tstamp>5F2DF348</tstamp>
    </comp>
    <comp ref="Cb1">
      <value>10u</value>
      <footprint>Capacitor_SMD:C_0603_1608Metric</footprint>
      <datasheet>~</datasheet>
      <libsource lib="Device" part="CP_Small" description="Polarized capacitor, small symbol"/>
      <sheetpath names="/Peripherals/" tstamps="/5F3628FB/"/>
      <tstamp>5F2CA340</tstamp>
    </comp>
    <comp ref="Rb3">
      <value>15k</value>
      <footprint>Resistor_SMD:R_0603_1608Metric</footprint>
      <datasheet>~</datasheet>
      <libsource lib="Device" part="R_Small_US" description="Resistor, small US symbol"/>
      <sheetpath names="/Peripherals/" tstamps="/5F3628FB/"/>
      <tstamp>5F2853EA</tstamp>
    </comp>
    <comp ref="Rb1">
      <value>15k</value>
      <footprint>Resistor_SMD:R_0603_1608Metric</footprint>
      <datasheet>~</datasheet>
      <libsource lib="Device" part="R_Small_US" description="Resistor, small US symbol"/>
      <sheetpath names="/Peripherals/" tstamps="/5F3628FB/"/>
      <tstamp>5F2850AE</tstamp>
    </comp>
    <comp ref="C26">
      <value>100n</value>
      <footprint>Capacitor_SMD:C_0402_1005Metric</footprint>
      <datasheet>~</datasheet>
      <libsource lib="Device" part="C_Small" description="Unpolarized capacitor, small symbol"/>
      <sheetpath names="/Peripherals/" tstamps="/5F3628FB/"/>
      <tstamp>5F265224</tstamp>
    </comp>
    <comp ref="U5">
      <value>OPA2320SAIDGSR</value>
      <footprint>OPAMP_OPA2320S:OPA2320SAIDGSR</footprint>
      <libsource lib="OPAMP_OPA2320S" part="OPA2320SAIDGSR" description=""/>
      <sheetpath names="/Peripherals/" tstamps="/5F3628FB/"/>
      <tstamp>5F26215B</tstamp>
    </comp>
    <comp ref="J5">
      <value>Micro USB</value>
      <footprint>10118193-0001LF:FCI_10118193-0001LF</footprint>
      <datasheet>Unavailable</datasheet>
      <fields>
        <field name="Field4">Single Port 5 Contact Shielded SMT MICRO USB B-Type Receptacle</field>
        <field name="Field5">10118193-0001LF</field>
        <field name="Field6">None</field>
        <field name="Field7">Amphenol FCI</field>
        <field name="Field8">None</field>
      </fields>
      <libsource lib="10118193-0001LF" part="10118193-0001LF" description=""/>
      <sheetpath names="/Peripherals/" tstamps="/5F3628FB/"/>
      <tstamp>5F5FB977</tstamp>
    </comp>
    <comp ref="JP2">
      <value>Open Jumper</value>
      <footprint>Jumper:SolderJumper-2_P1.3mm_Open_Pad1.0x1.5mm</footprint>
      <datasheet>~</datasheet>
      <libsource lib="Jumper" part="SolderJumper_2_Open" description="Solder Jumper, 2-pole, open"/>
      <sheetpath names="/Peripherals/" tstamps="/5F3628FB/"/>
      <tstamp>5F8E9FBA</tstamp>
    </comp>
  </components>
  <libparts>
    <libpart lib="10118193-0001LF" part="10118193-0001LF">
      <fields>
        <field name="Reference">J</field>
        <field name="Value">10118193-0001LF</field>
        <field name="Footprint">FCI_10118193-0001LF</field>
        <field name="Datasheet">Unavailable</field>
        <field name="Field4">Single Port 5 Contact Shielded SMT MICRO USB B-Type Receptacle</field>
        <field name="Field5">10118193-0001LF</field>
        <field name="Field6">None</field>
        <field name="Field7">Amphenol FCI</field>
        <field name="Field8">None</field>
      </fields>
      <pins>
        <pin num="1" name="VUSB" type="passive"/>
        <pin num="2" name="D-" type="passive"/>
        <pin num="3" name="D+" type="passive"/>
        <pin num="4" name="ID" type="passive"/>
        <pin num="5" name="GND" type="passive"/>
        <pin num="S1" name="SHIELD" type="passive"/>
        <pin num="S2" name="SHIELD" type="passive"/>
        <pin num="S3" name="SHIELD" type="passive"/>
        <pin num="S4" name="SHIELD" type="passive"/>
        <pin num="S5" name="SHIELD" type="passive"/>
        <pin num="S6" name="SHIELD" type="passive"/>
      </pins>
    </libpart>
    <libpart lib="BK-916-TR" part="BK-916-TR">
      <fields>
        <field name="Reference">BT</field>
        <field name="Value">BK-916-TR</field>
        <field name="Footprint">BAT_BK-916-TR</field>
        <field name="Datasheet">A</field>
        <field name="Field4">Memory Protection Devices INC</field>
        <field name="Field5">MANUFACTURER RECOMMENDATIONS</field>
      </fields>
      <pins>
        <pin num="1" name="~" type="passive"/>
        <pin num="2" name="~" type="passive"/>
        <pin num="3" name="~" type="passive"/>
      </pins>
    </libpart>
    <libpart lib="Battery_Management" part="BQ24075">
      <description>USB-Friendly Li-Ion Battery Charger and Power-Path Management</description>
      <docs>http://www.ti.com/lit/ds/symlink/bq24075.pdf</docs>
      <footprints>
        <fp>RGT*</fp>
        <fp>QFN*</fp>
      </footprints>
      <fields>
        <field name="Reference">U</field>
        <field name="Value">BQ24075</field>
      </fields>
      <pins>
        <pin num="1" name="TS" type="passive"/>
        <pin num="2" name="BAT" type="power_out"/>
        <pin num="3" name="BAT" type="power_out"/>
        <pin num="4" name="~CE" type="input"/>
        <pin num="5" name="EN2" type="input"/>
        <pin num="6" name="EN1" type="input"/>
        <pin num="7" name="~PGOOD" type="openCol"/>
        <pin num="8" name="VSS" type="power_in"/>
        <pin num="9" name="~CHG" type="openCol"/>
        <pin num="10" name="OUT" type="power_out"/>
        <pin num="11" name="OUT" type="power_out"/>
        <pin num="12" name="ILIM" type="passive"/>
        <pin num="13" name="IN" type="power_in"/>
        <pin num="14" name="TMR" type="input"/>
        <pin num="15" name="SYSOFF" type="input"/>
        <pin num="16" name="ISET" type="passive"/>
        <pin num="17" name="PAD" type="power_in"/>
      </pins>
    </libpart>
    <libpart lib="Connector" part="TestPoint">
      <description>test point</description>
      <docs>~</docs>
      <footprints>
        <fp>Pin*</fp>
        <fp>Test*</fp>
      </footprints>
      <fields>
        <field name="Reference">TP</field>
        <field name="Value">TestPoint</field>
      </fields>
      <pins>
        <pin num="1" name="1" type="passive"/>
      </pins>
    </libpart>
    <libpart lib="Connector" part="TestPoint_Small">
      <description>test point</description>
      <docs>~</docs>
      <footprints>
        <fp>Pin*</fp>
        <fp>Test*</fp>
      </footprints>
      <fields>
        <field name="Reference">TP</field>
        <field name="Value">TestPoint_Small</field>
      </fields>
      <pins>
        <pin num="1" name="1" type="passive"/>
      </pins>
    </libpart>
    <libpart lib="Connector_Generic" part="Conn_01x06">
      <description>Generic connector, single row, 01x06, script generated (kicad-library-utils/schlib/autogen/connector/)</description>
      <docs>~</docs>
      <footprints>
        <fp>Connector*:*_1x??_*</fp>
      </footprints>
      <fields>
        <field name="Reference">J</field>
        <field name="Value">Conn_01x06</field>
      </fields>
      <pins>
        <pin num="1" name="Pin_1" type="passive"/>
        <pin num="2" name="Pin_2" type="passive"/>
        <pin num="3" name="Pin_3" type="passive"/>
        <pin num="4" name="Pin_4" type="passive"/>
        <pin num="5" name="Pin_5" type="passive"/>
        <pin num="6" name="Pin_6" type="passive"/>
      </pins>
    </libpart>
    <libpart lib="Connector_Generic" part="Conn_01x10">
      <description>Generic connector, single row, 01x10, script generated (kicad-library-utils/schlib/autogen/connector/)</description>
      <docs>~</docs>
      <footprints>
        <fp>Connector*:*_1x??_*</fp>
      </footprints>
      <fields>
        <field name="Reference">J</field>
        <field name="Value">Conn_01x10</field>
      </fields>
      <pins>
        <pin num="1" name="Pin_1" type="passive"/>
        <pin num="2" name="Pin_2" type="passive"/>
        <pin num="3" name="Pin_3" type="passive"/>
        <pin num="4" name="Pin_4" type="passive"/>
        <pin num="5" name="Pin_5" type="passive"/>
        <pin num="6" name="Pin_6" type="passive"/>
        <pin num="7" name="Pin_7" type="passive"/>
        <pin num="8" name="Pin_8" type="passive"/>
        <pin num="9" name="Pin_9" type="passive"/>
        <pin num="10" name="Pin_10" type="passive"/>
      </pins>
    </libpart>
    <libpart lib="Connector_Generic" part="Conn_02x10_Odd_Even">
      <description>Generic connector, double row, 02x10, odd/even pin numbering scheme (row 1 odd numbers, row 2 even numbers), script generated (kicad-library-utils/schlib/autogen/connector/)</description>
      <docs>~</docs>
      <footprints>
        <fp>Connector*:*_2x??_*</fp>
      </footprints>
      <fields>
        <field name="Reference">J</field>
        <field name="Value">Conn_02x10_Odd_Even</field>
      </fields>
      <pins>
        <pin num="1" name="Pin_1" type="passive"/>
        <pin num="2" name="Pin_2" type="passive"/>
        <pin num="3" name="Pin_3" type="passive"/>
        <pin num="4" name="Pin_4" type="passive"/>
        <pin num="5" name="Pin_5" type="passive"/>
        <pin num="6" name="Pin_6" type="passive"/>
        <pin num="7" name="Pin_7" type="passive"/>
        <pin num="8" name="Pin_8" type="passive"/>
        <pin num="9" name="Pin_9" type="passive"/>
        <pin num="10" name="Pin_10" type="passive"/>
        <pin num="11" name="Pin_11" type="passive"/>
        <pin num="12" name="Pin_12" type="passive"/>
        <pin num="13" name="Pin_13" type="passive"/>
        <pin num="14" name="Pin_14" type="passive"/>
        <pin num="15" name="Pin_15" type="passive"/>
        <pin num="16" name="Pin_16" type="passive"/>
        <pin num="17" name="Pin_17" type="passive"/>
        <pin num="18" name="Pin_18" type="passive"/>
        <pin num="19" name="Pin_19" type="passive"/>
        <pin num="20" name="Pin_20" type="passive"/>
      </pins>
    </libpart>
    <libpart lib="Connector_JST_1769" part="1769">
      <footprints>
        <fp>CONN_1769_ADA</fp>
      </footprints>
      <fields>
        <field name="Reference">J</field>
        <field name="Value">1769</field>
        <field name="Footprint">CONN_1769_ADA</field>
      </fields>
      <pins>
        <pin num="1" name="1" type="unspc"/>
        <pin num="2" name="2" type="unspc"/>
      </pins>
    </libpart>
    <libpart lib="Device" part="CP_Small">
      <description>Polarized capacitor, small symbol</description>
      <docs>~</docs>
      <footprints>
        <fp>CP_*</fp>
      </footprints>
      <fields>
        <field name="Reference">C</field>
        <field name="Value">CP_Small</field>
      </fields>
      <pins>
        <pin num="1" name="~" type="passive"/>
        <pin num="2" name="~" type="passive"/>
      </pins>
    </libpart>
    <libpart lib="Device" part="C_Small">
      <description>Unpolarized capacitor, small symbol</description>
      <docs>~</docs>
      <footprints>
        <fp>C_*</fp>
      </footprints>
      <fields>
        <field name="Reference">C</field>
        <field name="Value">C_Small</field>
      </fields>
      <pins>
        <pin num="1" name="~" type="passive"/>
        <pin num="2" name="~" type="passive"/>
      </pins>
    </libpart>
    <libpart lib="Device" part="Crystal_GND24_Small">
      <description>Four pin crystal, GND on pins 2 and 4, small symbol</description>
      <docs>~</docs>
      <footprints>
        <fp>Crystal*</fp>
      </footprints>
      <fields>
        <field name="Reference">Y</field>
        <field name="Value">Crystal_GND24_Small</field>
      </fields>
      <pins>
        <pin num="1" name="1" type="passive"/>
        <pin num="2" name="2" type="passive"/>
        <pin num="3" name="3" type="passive"/>
        <pin num="4" name="4" type="passive"/>
      </pins>
    </libpart>
    <libpart lib="Device" part="Ferrite_Bead_Small">
      <description>Ferrite bead, small symbol</description>
      <docs>~</docs>
      <footprints>
        <fp>Inductor_*</fp>
        <fp>L_*</fp>
        <fp>*Ferrite*</fp>
      </footprints>
      <fields>
        <field name="Reference">FB</field>
        <field name="Value">Ferrite_Bead_Small</field>
      </fields>
      <pins>
        <pin num="1" name="~" type="passive"/>
        <pin num="2" name="~" type="passive"/>
      </pins>
    </libpart>
    <libpart lib="Device" part="Fuse_Small">
      <description>Fuse, small symbol</description>
      <docs>~</docs>
      <footprints>
        <fp>SM*</fp>
      </footprints>
      <fields>
        <field name="Reference">F</field>
        <field name="Value">Fuse_Small</field>
      </fields>
      <pins>
        <pin num="1" name="~" type="passive"/>
        <pin num="2" name="~" type="passive"/>
      </pins>
    </libpart>
    <libpart lib="Device" part="LED_Small">
      <description>Light emitting diode, small symbol</description>
      <docs>~</docs>
      <footprints>
        <fp>LED*</fp>
        <fp>LED_SMD:*</fp>
        <fp>LED_THT:*</fp>
      </footprints>
      <fields>
        <field name="Reference">D</field>
        <field name="Value">LED_Small</field>
      </fields>
      <pins>
        <pin num="1" name="K" type="passive"/>
        <pin num="2" name="A" type="passive"/>
      </pins>
    </libpart>
    <libpart lib="Device" part="R_POT_Small">
      <description>Potentiometer</description>
      <docs>~</docs>
      <footprints>
        <fp>Potentiometer*</fp>
      </footprints>
      <fields>
        <field name="Reference">RV</field>
        <field name="Value">R_POT_Small</field>
      </fields>
      <pins>
        <pin num="1" name="1" type="passive"/>
        <pin num="2" name="2" type="passive"/>
        <pin num="3" name="3" type="passive"/>
      </pins>
    </libpart>
    <libpart lib="Device" part="R_Small_US">
      <description>Resistor, small US symbol</description>
      <docs>~</docs>
      <footprints>
        <fp>R_*</fp>
      </footprints>
      <fields>
        <field name="Reference">R</field>
        <field name="Value">R_Small_US</field>
      </fields>
      <pins>
        <pin num="1" name="~" type="passive"/>
        <pin num="2" name="~" type="passive"/>
      </pins>
    </libpart>
    <libpart lib="Driver_Haptic" part="DRV2605LDGS">
      <description>Haptic driver for LRAs and ERMs with effect library, 2-5.2V, VSSOP-10</description>
      <docs>http://www.ti.com/lit/ds/symlink/drv2605l.pdf</docs>
      <footprints>
        <fp>VSSOP*3x3mm*P0.5mm*</fp>
      </footprints>
      <fields>
        <field name="Reference">U</field>
        <field name="Value">DRV2605LDGS</field>
        <field name="Footprint">Package_SO:VSSOP-10_3x3mm_P0.5mm</field>
      </fields>
      <pins>
        <pin num="1" name="REG" type="passive"/>
        <pin num="2" name="SCL" type="input"/>
        <pin num="3" name="SDA" type="BiDi"/>
        <pin num="4" name="IN/TRIG" type="input"/>
        <pin num="5" name="EN" type="input"/>
        <pin num="6" name="VDD/NC" type="power_in"/>
        <pin num="7" name="OUT+" type="output"/>
        <pin num="8" name="GND" type="power_in"/>
        <pin num="9" name="OUT-" type="output"/>
        <pin num="10" name="VDD" type="power_in"/>
      </pins>
    </libpart>
    <libpart lib="Jumper" part="SolderJumper_2_Bridged">
      <description>Solder Jumper, 2-pole, closed/bridged</description>
      <docs>~</docs>
      <footprints>
        <fp>SolderJumper*Bridged*</fp>
      </footprints>
      <fields>
        <field name="Reference">JP</field>
        <field name="Value">SolderJumper_2_Bridged</field>
      </fields>
      <pins>
        <pin num="1" name="A" type="passive"/>
        <pin num="2" name="B" type="passive"/>
      </pins>
    </libpart>
    <libpart lib="Jumper" part="SolderJumper_2_Open">
      <description>Solder Jumper, 2-pole, open</description>
      <docs>~</docs>
      <footprints>
        <fp>SolderJumper*Open*</fp>
      </footprints>
      <fields>
        <field name="Reference">JP</field>
        <field name="Value">SolderJumper_2_Open</field>
      </fields>
      <pins>
        <pin num="1" name="A" type="passive"/>
        <pin num="2" name="B" type="passive"/>
      </pins>
    </libpart>
    <libpart lib="MCU_ST_STM32F4" part="STM32F407VETx">
      <aliases>
        <alias>STM32F407VGTx</alias>
      </aliases>
      <description>ARM Cortex-M4 MCU, 512KB flash, 128KB RAM, 168MHz, 1.8-3.6V, 82 GPIO, LQFP-100</description>
      <docs>http://www.st.com/st-web-ui/static/active/en/resource/technical/document/datasheet/DM00037051.pdf</docs>
      <footprints>
        <fp>LQFP*14x14mm*P0.5mm*</fp>
      </footprints>
      <fields>
        <field name="Reference">U</field>
        <field name="Value">STM32F407VETx</field>
        <field name="Footprint">Package_QFP:LQFP-100_14x14mm_P0.5mm</field>
      </fields>
      <pins>
        <pin num="1" name="PE2" type="BiDi"/>
        <pin num="2" name="PE3" type="BiDi"/>
        <pin num="3" name="PE4" type="BiDi"/>
        <pin num="4" name="PE5" type="BiDi"/>
        <pin num="5" name="PE6" type="BiDi"/>
        <pin num="6" name="VBAT" type="power_in"/>
        <pin num="7" name="PC13" type="BiDi"/>
        <pin num="8" name="PC14" type="BiDi"/>
        <pin num="9" name="PC15" type="BiDi"/>
        <pin num="10" name="VSS" type="power_in"/>
        <pin num="11" name="VDD" type="power_in"/>
        <pin num="12" name="PH0" type="input"/>
        <pin num="13" name="PH1" type="input"/>
        <pin num="14" name="NRST" type="input"/>
        <pin num="15" name="PC0" type="BiDi"/>
        <pin num="16" name="PC1" type="BiDi"/>
        <pin num="17" name="PC2" type="BiDi"/>
        <pin num="18" name="PC3" type="BiDi"/>
        <pin num="19" name="VDD" type="power_in"/>
        <pin num="20" name="VSSA" type="power_in"/>
        <pin num="21" name="VREF+" type="power_in"/>
        <pin num="22" name="VDDA" type="power_in"/>
        <pin num="23" name="PA0" type="BiDi"/>
        <pin num="24" name="PA1" type="BiDi"/>
        <pin num="25" name="PA2" type="BiDi"/>
        <pin num="26" name="PA3" type="BiDi"/>
        <pin num="27" name="VSS" type="power_in"/>
        <pin num="28" name="VDD" type="power_in"/>
        <pin num="29" name="PA4" type="BiDi"/>
        <pin num="30" name="PA5" type="BiDi"/>
        <pin num="31" name="PA6" type="BiDi"/>
        <pin num="32" name="PA7" type="BiDi"/>
        <pin num="33" name="PC4" type="BiDi"/>
        <pin num="34" name="PC5" type="BiDi"/>
        <pin num="35" name="PB0" type="BiDi"/>
        <pin num="36" name="PB1" type="BiDi"/>
        <pin num="37" name="PB2" type="BiDi"/>
        <pin num="38" name="PE7" type="BiDi"/>
        <pin num="39" name="PE8" type="BiDi"/>
        <pin num="40" name="PE9" type="BiDi"/>
        <pin num="41" name="PE10" type="BiDi"/>
        <pin num="42" name="PE11" type="BiDi"/>
        <pin num="43" name="PE12" type="BiDi"/>
        <pin num="44" name="PE13" type="BiDi"/>
        <pin num="45" name="PE14" type="BiDi"/>
        <pin num="46" name="PE15" type="BiDi"/>
        <pin num="47" name="PB10" type="BiDi"/>
        <pin num="48" name="PB11" type="BiDi"/>
        <pin num="49" name="VCAP_1" type="power_in"/>
        <pin num="50" name="VDD" type="power_in"/>
        <pin num="51" name="PB12" type="BiDi"/>
        <pin num="52" name="PB13" type="BiDi"/>
        <pin num="53" name="PB14" type="BiDi"/>
        <pin num="54" name="PB15" type="BiDi"/>
        <pin num="55" name="PD8" type="BiDi"/>
        <pin num="56" name="PD9" type="BiDi"/>
        <pin num="57" name="PD10" type="BiDi"/>
        <pin num="58" name="PD11" type="BiDi"/>
        <pin num="59" name="PD12" type="BiDi"/>
        <pin num="60" name="PD13" type="BiDi"/>
        <pin num="61" name="PD14" type="BiDi"/>
        <pin num="62" name="PD15" type="BiDi"/>
        <pin num="63" name="PC6" type="BiDi"/>
        <pin num="64" name="PC7" type="BiDi"/>
        <pin num="65" name="PC8" type="BiDi"/>
        <pin num="66" name="PC9" type="BiDi"/>
        <pin num="67" name="PA8" type="BiDi"/>
        <pin num="68" name="PA9" type="BiDi"/>
        <pin num="69" name="PA10" type="BiDi"/>
        <pin num="70" name="PA11" type="BiDi"/>
        <pin num="71" name="PA12" type="BiDi"/>
        <pin num="72" name="PA13" type="BiDi"/>
        <pin num="73" name="VCAP_2" type="power_in"/>
        <pin num="74" name="VSS" type="power_in"/>
        <pin num="75" name="VDD" type="power_in"/>
        <pin num="76" name="PA14" type="BiDi"/>
        <pin num="77" name="PA15" type="BiDi"/>
        <pin num="78" name="PC10" type="BiDi"/>
        <pin num="79" name="PC11" type="BiDi"/>
        <pin num="80" name="PC12" type="BiDi"/>
        <pin num="81" name="PD0" type="BiDi"/>
        <pin num="82" name="PD1" type="BiDi"/>
        <pin num="83" name="PD2" type="BiDi"/>
        <pin num="84" name="PD3" type="BiDi"/>
        <pin num="85" name="PD4" type="BiDi"/>
        <pin num="86" name="PD5" type="BiDi"/>
        <pin num="87" name="PD6" type="BiDi"/>
        <pin num="88" name="PD7" type="BiDi"/>
        <pin num="89" name="PB3" type="BiDi"/>
        <pin num="90" name="PB4" type="BiDi"/>
        <pin num="91" name="PB5" type="BiDi"/>
        <pin num="92" name="PB6" type="BiDi"/>
        <pin num="93" name="PB7" type="BiDi"/>
        <pin num="94" name="BOOT0" type="input"/>
        <pin num="95" name="PB8" type="BiDi"/>
        <pin num="96" name="PB9" type="BiDi"/>
        <pin num="97" name="PE0" type="BiDi"/>
        <pin num="98" name="PE1" type="BiDi"/>
        <pin num="99" name="VSS" type="power_in"/>
        <pin num="100" name="VDD" type="power_in"/>
      </pins>
    </libpart>
    <libpart lib="MOLEX_503182" part="503182-1852">
      <fields>
        <field name="Reference">J</field>
        <field name="Value">503182-1852</field>
        <field name="Footprint">MOLEX_503182-1852</field>
        <field name="Datasheet">Molex</field>
      </fields>
      <pins>
        <pin num="1" name="DATA2" type="BiDi"/>
        <pin num="2" name="CD/DAT3" type="BiDi"/>
        <pin num="3" name="CMD" type="BiDi"/>
        <pin num="4" name="VDD" type="power_in"/>
        <pin num="5" name="CLK" type="BiDi"/>
        <pin num="6" name="VSS" type="power_in"/>
        <pin num="7" name="DAT0" type="BiDi"/>
        <pin num="8" name="DAT1" type="BiDi"/>
        <pin num="DT" name="DETECT" type="BiDi"/>
        <pin num="P1" name="SHIELD" type="passive"/>
        <pin num="P2" name="SHIELD" type="passive"/>
        <pin num="P3" name="SHIELD" type="passive"/>
        <pin num="P4" name="SHIELD" type="passive"/>
        <pin num="P5" name="SHIELD" type="passive"/>
        <pin num="SW" name="SWITCH" type="BiDi"/>
      </pins>
    </libpart>
    <libpart lib="Mechanical" part="MountingHole_Pad">
      <description>Mounting Hole with connection</description>
      <docs>~</docs>
      <footprints>
        <fp>MountingHole*Pad*</fp>
      </footprints>
      <fields>
        <field name="Reference">H</field>
        <field name="Value">MountingHole_Pad</field>
      </fields>
      <pins>
        <pin num="1" name="1" type="input"/>
      </pins>
    </libpart>
    <libpart lib="OPAMP_OPA2320S" part="OPA2320SAIDGSR">
      <footprints>
        <fp>DGS10_TEX</fp>
        <fp>DGS10_TEX-M</fp>
        <fp>DGS10_TEX-L</fp>
      </footprints>
      <fields>
        <field name="Reference">U</field>
        <field name="Value">OPA2320SAIDGSR</field>
        <field name="Footprint">DGS10_TEX</field>
      </fields>
      <pins>
        <pin num="1" name="VOUTA" type="output"/>
        <pin num="2" name="-INA" type="input"/>
        <pin num="3" name="+INA" type="input"/>
        <pin num="4" name="V-" type="power_in"/>
        <pin num="5" name="*SHDNA" type="unspc"/>
        <pin num="6" name="*SHDNB" type="unspc"/>
        <pin num="7" name="+INB" type="input"/>
        <pin num="8" name="-INB" type="input"/>
        <pin num="9" name="VOUTB" type="output"/>
        <pin num="10" name="V+" type="power_in"/>
      </pins>
    </libpart>
    <libpart lib="Power_Protection" part="USBLC6-2SC6">
      <description>Very low capacitance ESD protection diode, 2 data-line, SOT-23-6</description>
      <docs>https://www.st.com/resource/en/datasheet/usblc6-2.pdf</docs>
      <footprints>
        <fp>SOT?23*</fp>
      </footprints>
      <fields>
        <field name="Reference">U</field>
        <field name="Value">USBLC6-2SC6</field>
        <field name="Footprint">Package_TO_SOT_SMD:SOT-23-6</field>
      </fields>
      <pins>
        <pin num="1" name="I/O1" type="passive"/>
        <pin num="2" name="GND" type="passive"/>
        <pin num="3" name="I/O2" type="passive"/>
        <pin num="4" name="I/O2" type="passive"/>
        <pin num="5" name="VBUS" type="passive"/>
        <pin num="6" name="I/O1" type="passive"/>
      </pins>
    </libpart>
    <libpart lib="Regulator_LD39200PUR" part="LD39200PU33R">
      <footprints>
        <fp>SON_DFN6_3X3_STM</fp>
        <fp>SON_DFN6_3X3_STM-M</fp>
        <fp>SON_DFN6_3X3_STM-L</fp>
      </footprints>
      <fields>
        <field name="Reference">U</field>
        <field name="Value">LD39200PU33R</field>
        <field name="Footprint">SON_DFN6_3X3_STM</field>
      </fields>
      <pins>
        <pin num="1" name="OUT" type="output"/>
        <pin num="2" name="ADJ/SENSE" type="unspc"/>
        <pin num="3" name="GND" type="power_in"/>
        <pin num="4" name="PG" type="unspc"/>
        <pin num="5" name="EN" type="unspc"/>
        <pin num="6" name="IN" type="power_in"/>
        <pin num="7" name="EPAD" type="power_in"/>
      </pins>
    </libpart>
    <libpart lib="Switch" part="SW_DIP_x06">
      <description>6x DIP Switch, Single Pole Single Throw (SPST) switch, small symbol</description>
      <docs>~</docs>
      <footprints>
        <fp>SW?DIP?x6*</fp>
      </footprints>
      <fields>
        <field name="Reference">SW</field>
        <field name="Value">SW_DIP_x06</field>
      </fields>
      <pins>
        <pin num="1" name="~" type="passive"/>
        <pin num="2" name="~" type="passive"/>
        <pin num="3" name="~" type="passive"/>
        <pin num="4" name="~" type="passive"/>
        <pin num="5" name="~" type="passive"/>
        <pin num="6" name="~" type="passive"/>
        <pin num="7" name="~" type="passive"/>
        <pin num="8" name="~" type="passive"/>
        <pin num="9" name="~" type="passive"/>
        <pin num="10" name="~" type="passive"/>
        <pin num="11" name="~" type="passive"/>
        <pin num="12" name="~" type="passive"/>
      </pins>
    </libpart>
  </libparts>
  <libraries>
    <library logical="10118193-0001LF">
      <uri>C:/Users/Jacob Smith/Documents/School/Spring 2020/ECE4011/Design Project/PCB Design/Project Library/10118193-0001LF/10118193-0001LF.lib</uri>
    </library>
    <library logical="BK-916-TR">
      <uri>C:/Users/Jacob Smith/Documents/School/Spring 2020/ECE4011/Design Project/PCB Design/Project Library/BK-916-TR/BK-916-TR.lib</uri>
    </library>
    <library logical="Battery_Management">
      <uri>C:\Program Files\KiCad\share\kicad\library/Battery_Management.lib</uri>
    </library>
    <library logical="Connector">
      <uri>C:\Program Files\KiCad\share\kicad\library/Connector.lib</uri>
    </library>
    <library logical="Connector_Generic">
      <uri>C:\Program Files\KiCad\share\kicad\library/Connector_Generic.lib</uri>
    </library>
    <library logical="Connector_JST_1769">
      <uri>C:/Users/Jacob Smith/Documents/School/Spring 2020/ECE4011/Design Project/PCB Design/Project Library/ul_1769/KiCAD/2020-07-18_19-49-01/2020-07-18_19-49-01.lib</uri>
    </library>
    <library logical="Device">
      <uri>C:\Program Files\KiCad\share\kicad\library/Device.lib</uri>
    </library>
    <library logical="Driver_Haptic">
      <uri>C:\Program Files\KiCad\share\kicad\library/Driver_Haptic.lib</uri>
    </library>
    <library logical="Jumper">
      <uri>C:\Program Files\KiCad\share\kicad\library/Jumper.lib</uri>
    </library>
    <library logical="MCU_ST_STM32F4">
      <uri>C:\Program Files\KiCad\share\kicad\library/MCU_ST_STM32F4.lib</uri>
    </library>
    <library logical="MOLEX_503182">
      <uri>C:/Users/Jacob Smith/Documents/School/Spring 2020/ECE4011/Design Project/PCB Design/Project Library/503182_1852/503182_1852.lib</uri>
    </library>
    <library logical="Mechanical">
      <uri>C:\Program Files\KiCad\share\kicad\library/Mechanical.lib</uri>
    </library>
    <library logical="OPAMP_OPA2320S">
      <uri>C:/Users/Jacob Smith/Documents/School/Spring 2020/ECE4011/Design Project/PCB Design/Project Library/ul_OPA2320SAIDGSR/KiCAD/2020-08-01_13-28-18/2020-08-01_13-28-18.lib</uri>
    </library>
    <library logical="Power_Protection">
      <uri>C:\Program Files\KiCad\share\kicad\library/Power_Protection.lib</uri>
    </library>
    <library logical="Regulator_LD39200PUR">
      <uri>C:/Users/Jacob Smith/Documents/School/Spring 2020/ECE4011/Design Project/PCB Design/Project Library/ul_LD39200PU33R/KiCAD/2020-07-21_16-31-02/2020-07-21_16-31-02.lib</uri>
    </library>
    <library logical="Switch">
      <uri>C:\Program Files\KiCad\share\kicad\library/Switch.lib</uri>
    </library>
  </libraries>
  <nets>
    <net code="1" name="+3V3">
      <node ref="J1" pin="1"/>
      <node ref="R26" pin="2"/>
      <node ref="R34" pin="2"/>
      <node ref="C2" pin="1"/>
      <node ref="R39" pin="1"/>
      <node ref="R10" pin="2"/>
      <node ref="R9" pin="2"/>
      <node ref="R18" pin="2"/>
      <node ref="R41" pin="1"/>
      <node ref="U2" pin="2"/>
      <node ref="U2" pin="1"/>
      <node ref="C20" pin="1"/>
      <node ref="C7" pin="1"/>
      <node ref="C6" pin="1"/>
      <node ref="C5" pin="1"/>
      <node ref="C4" pin="1"/>
      <node ref="C3" pin="1"/>
      <node ref="U1" pin="11"/>
      <node ref="FB1" pin="2"/>
      <node ref="U1" pin="19"/>
      <node ref="U1" pin="28"/>
      <node ref="U1" pin="50"/>
      <node ref="U1" pin="75"/>
      <node ref="J2" pin="13"/>
      <node ref="R40" pin="1"/>
      <node ref="R38" pin="1"/>
      <node ref="J6" pin="4"/>
      <node ref="U1" pin="100"/>
      <node ref="J2" pin="14"/>
      <node ref="C1" pin="1"/>
      <node ref="C29" pin="2"/>
      <node ref="U7" pin="6"/>
      <node ref="LED1" pin="2"/>
      <node ref="C27" pin="1"/>
      <node ref="U7" pin="10"/>
      <node ref="TP12" pin="1"/>
      <node ref="R16" pin="2"/>
      <node ref="R17" pin="2"/>
      <node ref="R19" pin="2"/>
      <node ref="R20" pin="2"/>
      <node ref="R21" pin="2"/>
    </net>
    <net code="2" name="GND">
      <node ref="Cb2" pin="2"/>
      <node ref="Co2" pin="1"/>
      <node ref="C13" pin="2"/>
      <node ref="R11" pin="1"/>
      <node ref="C19" pin="2"/>
      <node ref="RV1" pin="2"/>
      <node ref="RV1" pin="3"/>
      <node ref="BAT1" pin="2"/>
      <node ref="C14" pin="2"/>
      <node ref="JP2" pin="2"/>
      <node ref="C15" pin="2"/>
      <node ref="R25" pin="1"/>
      <node ref="C9" pin="2"/>
      <node ref="HSE1" pin="4"/>
      <node ref="HSE1" pin="2"/>
      <node ref="U1" pin="74"/>
      <node ref="U1" pin="99"/>
      <node ref="Co1" pin="1"/>
      <node ref="U5" pin="4"/>
      <node ref="R29" pin="2"/>
      <node ref="J1" pin="3"/>
      <node ref="BT1" pin="3"/>
      <node ref="C26" pin="2"/>
      <node ref="C21" pin="2"/>
      <node ref="C17" pin="2"/>
      <node ref="C16" pin="2"/>
      <node ref="C12" pin="2"/>
      <node ref="U2" pin="7"/>
      <node ref="U2" pin="3"/>
      <node ref="C11" pin="2"/>
      <node ref="C10" pin="2"/>
      <node ref="R15" pin="1"/>
      <node ref="C25" pin="2"/>
      <node ref="C24" pin="2"/>
      <node ref="R6" pin="1"/>
      <node ref="R32" pin="1"/>
      <node ref="R33" pin="2"/>
      <node ref="R23" pin="1"/>
      <node ref="R27" pin="1"/>
      <node ref="R24" pin="1"/>
      <node ref="R5" pin="1"/>
      <node ref="C23" pin="1"/>
      <node ref="R4" pin="1"/>
      <node ref="R12" pin="1"/>
      <node ref="U3" pin="5"/>
      <node ref="R28" pin="2"/>
      <node ref="R14" pin="1"/>
      <node ref="C20" pin="2"/>
      <node ref="C22" pin="2"/>
      <node ref="C18" pin="2"/>
      <node ref="U4" pin="7"/>
      <node ref="U4" pin="3"/>
      <node ref="R13" pin="1"/>
      <node ref="U3" pin="8"/>
      <node ref="U3" pin="4"/>
      <node ref="U3" pin="17"/>
      <node ref="U3" pin="15"/>
      <node ref="C6" pin="2"/>
      <node ref="C5" pin="2"/>
      <node ref="C3" pin="2"/>
      <node ref="C2" pin="2"/>
      <node ref="C7" pin="2"/>
      <node ref="C4" pin="2"/>
      <node ref="SW1" pin="10"/>
      <node ref="C28" pin="2"/>
      <node ref="J6" pin="6"/>
      <node ref="H1" pin="1"/>
      <node ref="H3" pin="1"/>
      <node ref="H4" pin="1"/>
      <node ref="H2" pin="1"/>
      <node ref="U1" pin="27"/>
      <node ref="SW1" pin="9"/>
      <node ref="SW1" pin="8"/>
      <node ref="SW1" pin="7"/>
      <node ref="SW1" pin="12"/>
      <node ref="C29" pin="1"/>
      <node ref="U7" pin="8"/>
      <node ref="U7" pin="4"/>
      <node ref="SW1" pin="11"/>
      <node ref="C27" pin="2"/>
      <node ref="U6" pin="2"/>
      <node ref="J6" pin="DT"/>
      <node ref="J6" pin="P1"/>
      <node ref="J6" pin="P2"/>
      <node ref="J6" pin="P3"/>
      <node ref="J6" pin="P4"/>
      <node ref="J6" pin="P5"/>
      <node ref="Rb3" pin="2"/>
      <node ref="J2" pin="15"/>
      <node ref="J2" pin="16"/>
      <node ref="J5" pin="5"/>
      <node ref="U1" pin="20"/>
      <node ref="Cb1" pin="2"/>
      <node ref="U1" pin="10"/>
      <node ref="C1" pin="2"/>
      <node ref="J3" pin="3"/>
    </net>
    <net code="3" name="+3.3VA">
      <node ref="C9" pin="1"/>
      <node ref="R1" pin="2"/>
      <node ref="Rb1" pin="1"/>
      <node ref="C26" pin="1"/>
      <node ref="C10" pin="1"/>
      <node ref="U5" pin="10"/>
      <node ref="FB1" pin="1"/>
      <node ref="U1" pin="22"/>
    </net>
    <net code="4" name="Net-(C15-Pad1)">
      <node ref="U1" pin="73"/>
      <node ref="C15" pin="1"/>
    </net>
    <net code="5" name="Net-(U1-Pad23)">
      <node ref="U1" pin="23"/>
    </net>
    <net code="6" name="Net-(U1-Pad69)">
      <node ref="U1" pin="69"/>
    </net>
    <net code="7" name="SWDIO">
      <node ref="U1" pin="72"/>
      <node ref="J1" pin="4"/>
    </net>
    <net code="8" name="NRST">
      <node ref="C13" pin="1"/>
      <node ref="J1" pin="5"/>
      <node ref="U1" pin="14"/>
    </net>
    <net code="9" name="SWO">
      <node ref="U1" pin="89"/>
      <node ref="J1" pin="6"/>
    </net>
    <net code="10" name="Net-(U1-Pad77)">
      <node ref="U1" pin="77"/>
    </net>
    <net code="11" name="VPP">
      <node ref="LED2" pin="2"/>
      <node ref="U4" pin="1"/>
      <node ref="C24" pin="1"/>
      <node ref="J3" pin="4"/>
      <node ref="R7" pin="2"/>
      <node ref="R8" pin="2"/>
      <node ref="TP13" pin="1"/>
      <node ref="R30" pin="2"/>
    </net>
    <net code="12" name="Net-(R2-Pad1)">
      <node ref="R2" pin="1"/>
      <node ref="U1" pin="13"/>
    </net>
    <net code="13" name="Net-(C17-Pad1)">
      <node ref="R2" pin="2"/>
      <node ref="C17" pin="1"/>
      <node ref="HSE1" pin="3"/>
    </net>
    <net code="14" name="Net-(U1-Pad56)">
      <node ref="U1" pin="56"/>
    </net>
    <net code="15" name="Net-(U1-Pad40)">
      <node ref="U1" pin="40"/>
    </net>
    <net code="16" name="Net-(U1-Pad39)">
      <node ref="U1" pin="39"/>
    </net>
    <net code="17" name="Net-(U1-Pad97)">
      <node ref="U1" pin="97"/>
    </net>
    <net code="18" name="Net-(U1-Pad98)">
      <node ref="U1" pin="98"/>
    </net>
    <net code="19" name="Net-(U1-Pad57)">
      <node ref="U1" pin="57"/>
    </net>
    <net code="20" name="Net-(U1-Pad78)">
      <node ref="U1" pin="78"/>
    </net>
    <net code="21" name="Net-(U1-Pad90)">
      <node ref="U1" pin="90"/>
    </net>
    <net code="22" name="Net-(U1-Pad91)">
      <node ref="U1" pin="91"/>
    </net>
    <net code="23" name="Net-(U1-Pad95)">
      <node ref="U1" pin="95"/>
    </net>
    <net code="24" name="Net-(U1-Pad96)">
      <node ref="U1" pin="96"/>
    </net>
    <net code="25" name="Net-(U1-Pad51)">
      <node ref="U1" pin="51"/>
    </net>
    <net code="26" name="Net-(U1-Pad48)">
      <node ref="U1" pin="48"/>
    </net>
    <net code="27" name="Net-(U1-Pad15)">
      <node ref="U1" pin="15"/>
    </net>
    <net code="28" name="Net-(U1-Pad18)">
      <node ref="U1" pin="18"/>
    </net>
    <net code="29" name="Net-(U1-Pad63)">
      <node ref="U1" pin="63"/>
    </net>
    <net code="30" name="Net-(U1-Pad64)">
      <node ref="U1" pin="64"/>
    </net>
    <net code="31" name="Net-(U1-Pad79)">
      <node ref="U1" pin="79"/>
    </net>
    <net code="32" name="Net-(U1-Pad80)">
      <node ref="U1" pin="80"/>
    </net>
    <net code="33" name="Net-(U1-Pad7)">
      <node ref="U1" pin="7"/>
    </net>
    <net code="34" name="Net-(U1-Pad8)">
      <node ref="U1" pin="8"/>
    </net>
    <net code="35" name="Net-(U1-Pad9)">
      <node ref="U1" pin="9"/>
    </net>
    <net code="36" name="Net-(U1-Pad62)">
      <node ref="U1" pin="62"/>
    </net>
    <net code="37" name="Net-(U1-Pad61)">
      <node ref="U1" pin="61"/>
    </net>
    <net code="38" name="Net-(U1-Pad60)">
      <node ref="U1" pin="60"/>
    </net>
    <net code="39" name="Net-(U1-Pad59)">
      <node ref="U1" pin="59"/>
    </net>
    <net code="40" name="Net-(U1-Pad58)">
      <node ref="U1" pin="58"/>
    </net>
    <net code="41" name="Net-(C16-Pad1)">
      <node ref="HSE1" pin="1"/>
      <node ref="U1" pin="12"/>
      <node ref="C16" pin="1"/>
    </net>
    <net code="42" name="!PGOOD">
      <node ref="U1" pin="81"/>
      <node ref="R35" pin="1"/>
      <node ref="U3" pin="7"/>
      <node ref="R26" pin="1"/>
    </net>
    <net code="43" name="!CHG">
      <node ref="U1" pin="82"/>
      <node ref="R37" pin="1"/>
      <node ref="R34" pin="1"/>
      <node ref="U3" pin="9"/>
    </net>
    <net code="44" name="GPIO2">
      <node ref="J2" pin="5"/>
      <node ref="U1" pin="36"/>
    </net>
    <net code="45" name="ADC3">
      <node ref="Co2" pin="2"/>
      <node ref="Rf2" pin="1"/>
      <node ref="J2" pin="20"/>
      <node ref="Ro2" pin="1"/>
      <node ref="U1" pin="25"/>
    </net>
    <net code="46" name="Net-(U1-Pad84)">
      <node ref="U1" pin="84"/>
    </net>
    <net code="47" name="Net-(U1-Pad85)">
      <node ref="U1" pin="85"/>
    </net>
    <net code="48" name="Net-(U1-Pad86)">
      <node ref="U1" pin="86"/>
    </net>
    <net code="49" name="Net-(U1-Pad87)">
      <node ref="U1" pin="87"/>
    </net>
    <net code="50" name="Net-(U1-Pad88)">
      <node ref="U1" pin="88"/>
    </net>
    <net code="51" name="I2C3_SDA">
      <node ref="U7" pin="3"/>
      <node ref="R9" pin="1"/>
      <node ref="U1" pin="66"/>
      <node ref="J2" pin="1"/>
    </net>
    <net code="52" name="GPIO8">
      <node ref="U1" pin="30"/>
      <node ref="J2" pin="11"/>
    </net>
    <net code="53" name="ADC1">
      <node ref="J2" pin="17"/>
      <node ref="U1" pin="26"/>
    </net>
    <net code="54" name="DAC">
      <node ref="J2" pin="18"/>
      <node ref="U1" pin="29"/>
    </net>
    <net code="55" name="ADC2">
      <node ref="Ro1" pin="1"/>
      <node ref="J2" pin="19"/>
      <node ref="Co1" pin="2"/>
      <node ref="U1" pin="24"/>
      <node ref="Rf1" pin="1"/>
    </net>
    <net code="56" name="I2C3_SCL">
      <node ref="J2" pin="2"/>
      <node ref="U1" pin="67"/>
      <node ref="U7" pin="2"/>
      <node ref="R10" pin="1"/>
    </net>
    <net code="57" name="+BATT">
      <node ref="JP1" pin="2"/>
      <node ref="U1" pin="6"/>
    </net>
    <net code="58" name="MIC_R">
      <node ref="Cin2" pin="1"/>
      <node ref="J3" pin="1"/>
    </net>
    <net code="59" name="SWITCH">
      <node ref="R22" pin="2"/>
      <node ref="J3" pin="10"/>
      <node ref="R23" pin="2"/>
    </net>
    <net code="60" name="MIC_L">
      <node ref="J3" pin="2"/>
      <node ref="Cin1" pin="1"/>
    </net>
    <net code="61" name="I2C1_SDA">
      <node ref="J2" pin="3"/>
      <node ref="U1" pin="93"/>
      <node ref="R7" pin="1"/>
      <node ref="J3" pin="5"/>
    </net>
    <net code="62" name="I2C1_SCL">
      <node ref="R8" pin="1"/>
      <node ref="J3" pin="6"/>
      <node ref="J2" pin="4"/>
      <node ref="U1" pin="92"/>
    </net>
    <net code="63" name="MOTOR-">
      <node ref="U7" pin="9"/>
      <node ref="J3" pin="7"/>
    </net>
    <net code="64" name="MOTOR+">
      <node ref="U7" pin="7"/>
      <node ref="J3" pin="8"/>
    </net>
    <net code="65" name="UNREG_POWER">
      <node ref="U2" pin="6"/>
      <node ref="U3" pin="10"/>
      <node ref="U3" pin="11"/>
      <node ref="U3" pin="6"/>
      <node ref="U4" pin="6"/>
      <node ref="C22" pin="1"/>
      <node ref="J3" pin="9"/>
      <node ref="LED4" pin="2"/>
      <node ref="C25" pin="1"/>
      <node ref="TP11" pin="1"/>
      <node ref="C23" pin="2"/>
      <node ref="LED3" pin="2"/>
    </net>
    <net code="66" name="SD_SCK">
      <node ref="U1" pin="52"/>
      <node ref="J6" pin="5"/>
    </net>
    <net code="67" name="SD_MISO">
      <node ref="J6" pin="7"/>
      <node ref="U1" pin="53"/>
    </net>
    <net code="68" name="SD_MOSI">
      <node ref="J6" pin="3"/>
      <node ref="U1" pin="54"/>
    </net>
    <net code="69" name="AMP_A_EN">
      <node ref="U1" pin="16"/>
      <node ref="U5" pin="5"/>
    </net>
    <net code="70" name="AMP_B_EN">
      <node ref="U5" pin="6"/>
      <node ref="U1" pin="17"/>
    </net>
    <net code="71" name="BOOT0">
      <node ref="R4" pin="2"/>
      <node ref="U1" pin="94"/>
    </net>
    <net code="72" name="USB_D-">
      <node ref="U6" pin="6"/>
      <node ref="U1" pin="70"/>
    </net>
    <net code="73" name="USB_D+">
      <node ref="U1" pin="71"/>
      <node ref="U6" pin="4"/>
    </net>
    <net code="74" name="GPIO5">
      <node ref="J2" pin="10"/>
      <node ref="U1" pin="33"/>
    </net>
    <net code="75" name="GPIO7">
      <node ref="J2" pin="12"/>
      <node ref="U1" pin="31"/>
    </net>
    <net code="76" name="GPIO6">
      <node ref="J2" pin="9"/>
      <node ref="U1" pin="32"/>
    </net>
    <net code="77" name="USB_VBUS">
      <node ref="R6" pin="2"/>
      <node ref="U1" pin="68"/>
      <node ref="R3" pin="1"/>
    </net>
    <net code="78" name="GPIO3">
      <node ref="U1" pin="35"/>
      <node ref="J2" pin="8"/>
    </net>
    <net code="79" name="SD_DETECT">
      <node ref="U1" pin="47"/>
      <node ref="J6" pin="SW"/>
      <node ref="R38" pin="2"/>
    </net>
    <net code="80" name="LED_D">
      <node ref="D4" pin="2"/>
      <node ref="U1" pin="4"/>
    </net>
    <net code="81" name="DIP1">
      <node ref="U1" pin="41"/>
      <node ref="R21" pin="1"/>
      <node ref="SW1" pin="6"/>
    </net>
    <net code="82" name="DIP2">
      <node ref="R20" pin="1"/>
      <node ref="SW1" pin="5"/>
      <node ref="U1" pin="42"/>
    </net>
    <net code="83" name="DIP3">
      <node ref="SW1" pin="4"/>
      <node ref="U1" pin="43"/>
      <node ref="R19" pin="1"/>
    </net>
    <net code="84" name="DIP4">
      <node ref="R18" pin="1"/>
      <node ref="SW1" pin="3"/>
      <node ref="U1" pin="44"/>
    </net>
    <net code="85" name="DIP5">
      <node ref="R17" pin="1"/>
      <node ref="U1" pin="45"/>
      <node ref="SW1" pin="2"/>
    </net>
    <net code="86" name="DIP6">
      <node ref="SW1" pin="1"/>
      <node ref="R16" pin="1"/>
      <node ref="U1" pin="46"/>
    </net>
    <net code="87" name="LED_B">
      <node ref="D2" pin="2"/>
      <node ref="U1" pin="2"/>
    </net>
    <net code="88" name="LED_C">
      <node ref="D3" pin="2"/>
      <node ref="U1" pin="3"/>
    </net>
    <net code="89" name="LED_E">
      <node ref="U1" pin="5"/>
      <node ref="D5" pin="2"/>
    </net>
    <net code="90" name="GPIO1">
      <node ref="J2" pin="6"/>
      <node ref="U1" pin="38"/>
    </net>
    <net code="91" name="Net-(C14-Pad1)">
      <node ref="U1" pin="49"/>
      <node ref="C14" pin="1"/>
    </net>
    <net code="92" name="GPIO4">
      <node ref="U1" pin="34"/>
      <node ref="J2" pin="7"/>
    </net>
    <net code="93" name="DRIVER_ENABLE">
      <node ref="U1" pin="65"/>
      <node ref="U7" pin="5"/>
    </net>
    <net code="94" name="SWCLK">
      <node ref="U1" pin="76"/>
      <node ref="J1" pin="2"/>
    </net>
    <net code="95" name="VPP_ENABLE">
      <node ref="U4" pin="5"/>
      <node ref="U1" pin="83"/>
      <node ref="R33" pin="1"/>
    </net>
    <net code="96" name="SD_CS">
      <node ref="U1" pin="55"/>
      <node ref="J6" pin="2"/>
      <node ref="R40" pin="2"/>
    </net>
    <net code="97" name="LED_A">
      <node ref="D1" pin="2"/>
      <node ref="U1" pin="1"/>
    </net>
    <net code="98" name="BOOT1">
      <node ref="R5" pin="2"/>
      <node ref="U1" pin="37"/>
    </net>
    <net code="99" name="Net-(D1-Pad1)">
      <node ref="R11" pin="2"/>
      <node ref="D1" pin="1"/>
    </net>
    <net code="100" name="Net-(D2-Pad1)">
      <node ref="R12" pin="2"/>
      <node ref="D2" pin="1"/>
    </net>
    <net code="101" name="Net-(D3-Pad1)">
      <node ref="R13" pin="2"/>
      <node ref="D3" pin="1"/>
    </net>
    <net code="102" name="Net-(D4-Pad1)">
      <node ref="D4" pin="1"/>
      <node ref="R14" pin="2"/>
    </net>
    <net code="103" name="Net-(D5-Pad1)">
      <node ref="D5" pin="1"/>
      <node ref="R15" pin="2"/>
    </net>
    <net code="104" name="VREF">
      <node ref="C12" pin="1"/>
      <node ref="U1" pin="21"/>
      <node ref="R1" pin="1"/>
      <node ref="C11" pin="1"/>
      <node ref="TP7" pin="1"/>
    </net>
    <net code="105" name="VBUS">
      <node ref="J5" pin="1"/>
      <node ref="F1" pin="1"/>
      <node ref="R3" pin="2"/>
      <node ref="U6" pin="5"/>
    </net>
    <net code="106" name="Net-(R28-Pad1)">
      <node ref="U3" pin="12"/>
      <node ref="R28" pin="1"/>
    </net>
    <net code="107" name="Net-(LED4-Pad1)">
      <node ref="R37" pin="2"/>
      <node ref="LED4" pin="1"/>
    </net>
    <net code="108" name="Net-(LED3-Pad1)">
      <node ref="LED3" pin="1"/>
      <node ref="R35" pin="2"/>
    </net>
    <net code="109" name="Net-(R29-Pad1)">
      <node ref="U3" pin="16"/>
      <node ref="R29" pin="1"/>
    </net>
    <net code="110" name="+5V">
      <node ref="FB2" pin="1"/>
      <node ref="C21" pin="1"/>
      <node ref="U3" pin="13"/>
      <node ref="TP10" pin="1"/>
    </net>
    <net code="111" name="Net-(R25-Pad2)">
      <node ref="R25" pin="2"/>
      <node ref="U3" pin="14"/>
    </net>
    <net code="112" name="Net-(BT1-Pad1)">
      <node ref="JP1" pin="1"/>
      <node ref="BT1" pin="1"/>
      <node ref="BT1" pin="2"/>
    </net>
    <net code="113" name="BAT">
      <node ref="C19" pin="1"/>
      <node ref="U3" pin="3"/>
      <node ref="U3" pin="2"/>
      <node ref="BAT1" pin="1"/>
    </net>
    <net code="114" name="Net-(LED1-Pad1)">
      <node ref="LED1" pin="1"/>
      <node ref="R24" pin="2"/>
    </net>
    <net code="115" name="3V3_ENABLE">
      <node ref="R22" pin="1"/>
      <node ref="U2" pin="5"/>
      <node ref="C18" pin="1"/>
    </net>
    <net code="116" name="Net-(LED2-Pad1)">
      <node ref="R32" pin="2"/>
      <node ref="LED2" pin="1"/>
    </net>
    <net code="117" name="Net-(U2-Pad4)">
      <node ref="U2" pin="4"/>
    </net>
    <net code="118" name="Net-(F1-Pad2)">
      <node ref="FB2" pin="2"/>
      <node ref="F1" pin="2"/>
    </net>
    <net code="119" name="Net-(U4-Pad4)">
      <node ref="U4" pin="4"/>
    </net>
    <net code="120" name="Net-(R27-Pad2)">
      <node ref="R27" pin="2"/>
      <node ref="U3" pin="1"/>
    </net>
    <net code="121" name="Net-(R31-Pad2)">
      <node ref="RV1" pin="1"/>
      <node ref="R31" pin="2"/>
    </net>
    <net code="122" name="Net-(R30-Pad1)">
      <node ref="R30" pin="1"/>
      <node ref="U4" pin="2"/>
      <node ref="R31" pin="1"/>
    </net>
    <net code="123" name="Net-(Cin2-Pad2)">
      <node ref="Rin2" pin="1"/>
      <node ref="Cin2" pin="2"/>
    </net>
    <net code="124" name="VOUTB">
      <node ref="U5" pin="9"/>
      <node ref="Ro2" pin="2"/>
      <node ref="Cf2" pin="1"/>
    </net>
    <net code="125" name="-INB">
      <node ref="Rin2" pin="2"/>
      <node ref="U5" pin="8"/>
      <node ref="Cf2" pin="2"/>
      <node ref="Rf2" pin="2"/>
    </net>
    <net code="126" name="+INA">
      <node ref="U5" pin="7"/>
      <node ref="U5" pin="3"/>
      <node ref="Cb2" pin="1"/>
      <node ref="Rb2" pin="1"/>
    </net>
    <net code="127" name="VOUTA">
      <node ref="Ro1" pin="2"/>
      <node ref="Cf1" pin="1"/>
      <node ref="U5" pin="1"/>
    </net>
    <net code="128" name="Net-(Cin1-Pad2)">
      <node ref="Rin1" pin="1"/>
      <node ref="Cin1" pin="2"/>
    </net>
    <net code="129" name="D-">
      <node ref="J5" pin="2"/>
      <node ref="U6" pin="1"/>
    </net>
    <net code="130" name="D+">
      <node ref="U6" pin="3"/>
      <node ref="J5" pin="3"/>
    </net>
    <net code="131" name="-INA">
      <node ref="U5" pin="2"/>
      <node ref="Rin1" pin="2"/>
      <node ref="Cf1" pin="2"/>
      <node ref="Rf1" pin="2"/>
    </net>
    <net code="132" name="Net-(J5-PadS1)">
      <node ref="J5" pin="S2"/>
      <node ref="JP2" pin="1"/>
      <node ref="J5" pin="S1"/>
      <node ref="J5" pin="S6"/>
      <node ref="J5" pin="S5"/>
      <node ref="J5" pin="S4"/>
      <node ref="J5" pin="S3"/>
    </net>
    <net code="133" name="Net-(J5-Pad4)">
      <node ref="J5" pin="4"/>
    </net>
    <net code="134" name="Net-(Cb1-Pad1)">
      <node ref="Cb1" pin="1"/>
      <node ref="Rb1" pin="2"/>
      <node ref="Rb3" pin="1"/>
      <node ref="Rb2" pin="2"/>
    </net>
    <net code="135" name="Net-(J6-Pad8)">
      <node ref="J6" pin="8"/>
      <node ref="R39" pin="2"/>
    </net>
    <net code="136" name="Net-(J6-Pad1)">
      <node ref="J6" pin="1"/>
      <node ref="R41" pin="2"/>
    </net>
    <net code="137" name="Net-(C28-Pad1)">
      <node ref="C28" pin="1"/>
      <node ref="U7" pin="1"/>
    </net>
  </nets>
</export>
