<?xml version="1.0" encoding="UTF-8"?>
<export version="D">
  <design>
    <source>C:\Users\Jacob Smith\Documents\School\Spring 2020\ECE4011\Design Project\PCB Design\Peripherial Boards\Amplifier\Amplifier.sch</source>
    <date>10/6/2020 9:14:20 AM</date>
    <tool>Eeschema (5.1.6)-1</tool>
    <sheet number="1" name="/" tstamps="/">
      <title_block>
        <title/>
        <company/>
        <rev/>
        <date/>
        <source>Amplifier.sch</source>
        <comment number="1" value=""/>
        <comment number="2" value=""/>
        <comment number="3" value=""/>
        <comment number="4" value=""/>
      </title_block>
    </sheet>
  </design>
  <components>
    <comp ref="Rf1">
      <value>68k</value>
      <footprint>Resistor_SMD:R_0603_1608Metric</footprint>
      <datasheet>~</datasheet>
      <libsource lib="Device" part="R_Small_US" description="Resistor, small US symbol"/>
      <sheetpath names="/" tstamps="/"/>
      <tstamp>5F7C21E5</tstamp>
    </comp>
    <comp ref="Cf1">
      <value>470p</value>
      <footprint>Capacitor_SMD:C_0603_1608Metric</footprint>
      <datasheet>~</datasheet>
      <libsource lib="Device" part="C_Small" description="Unpolarized capacitor, small symbol"/>
      <sheetpath names="/" tstamps="/"/>
      <tstamp>5F7C21EB</tstamp>
    </comp>
    <comp ref="Cin1">
      <value>1u</value>
      <footprint>Capacitor_SMD:C_0603_1608Metric</footprint>
      <datasheet>~</datasheet>
      <libsource lib="Device" part="C_Small" description="Unpolarized capacitor, small symbol"/>
      <sheetpath names="/" tstamps="/"/>
      <tstamp>5F7C21F2</tstamp>
    </comp>
    <comp ref="Rin1">
      <value>1.8k</value>
      <footprint>Resistor_SMD:R_0603_1608Metric</footprint>
      <datasheet>~</datasheet>
      <libsource lib="Device" part="R_Small_US" description="Resistor, small US symbol"/>
      <sheetpath names="/" tstamps="/"/>
      <tstamp>5F7C21F8</tstamp>
    </comp>
    <comp ref="Co1">
      <value>470n</value>
      <footprint>Capacitor_SMD:C_0603_1608Metric</footprint>
      <datasheet>~</datasheet>
      <libsource lib="Device" part="C_Small" description="Unpolarized capacitor, small symbol"/>
      <sheetpath names="/" tstamps="/"/>
      <tstamp>5F7C221A</tstamp>
    </comp>
    <comp ref="Ro1">
      <value>33</value>
      <footprint>Resistor_SMD:R_0603_1608Metric</footprint>
      <datasheet>~</datasheet>
      <libsource lib="Device" part="R_Small_US" description="Resistor, small US symbol"/>
      <sheetpath names="/" tstamps="/"/>
      <tstamp>5F7C2221</tstamp>
    </comp>
    <comp ref="Rin2">
      <value>1.8k</value>
      <footprint>Resistor_SMD:R_0603_1608Metric</footprint>
      <datasheet>~</datasheet>
      <libsource lib="Device" part="R_Small_US" description="Resistor, small US symbol"/>
      <sheetpath names="/" tstamps="/"/>
      <tstamp>5F7C2241</tstamp>
    </comp>
    <comp ref="Cin2">
      <value>1u</value>
      <footprint>Capacitor_SMD:C_0603_1608Metric</footprint>
      <datasheet>~</datasheet>
      <libsource lib="Device" part="C_Small" description="Unpolarized capacitor, small symbol"/>
      <sheetpath names="/" tstamps="/"/>
      <tstamp>5F7C2247</tstamp>
    </comp>
    <comp ref="Rb2">
      <value>33k</value>
      <footprint>Resistor_SMD:R_0603_1608Metric</footprint>
      <datasheet>~</datasheet>
      <libsource lib="Device" part="R_Small_US" description="Resistor, small US symbol"/>
      <sheetpath names="/" tstamps="/"/>
      <tstamp>5F7C224D</tstamp>
    </comp>
    <comp ref="Cb2">
      <value>1u</value>
      <footprint>Capacitor_SMD:C_0603_1608Metric</footprint>
      <datasheet>~</datasheet>
      <libsource lib="Device" part="C_Small" description="Unpolarized capacitor, small symbol"/>
      <sheetpath names="/" tstamps="/"/>
      <tstamp>5F7C2253</tstamp>
    </comp>
    <comp ref="Ro2">
      <value>33</value>
      <footprint>Resistor_SMD:R_0603_1608Metric</footprint>
      <datasheet>~</datasheet>
      <libsource lib="Device" part="R_Small_US" description="Resistor, small US symbol"/>
      <sheetpath names="/" tstamps="/"/>
      <tstamp>5F7C2266</tstamp>
    </comp>
    <comp ref="Cf2">
      <value>470p</value>
      <footprint>Capacitor_SMD:C_0603_1608Metric</footprint>
      <datasheet>~</datasheet>
      <libsource lib="Device" part="C_Small" description="Unpolarized capacitor, small symbol"/>
      <sheetpath names="/" tstamps="/"/>
      <tstamp>5F7C226F</tstamp>
    </comp>
    <comp ref="Rf2">
      <value>68k</value>
      <footprint>Resistor_SMD:R_0603_1608Metric</footprint>
      <datasheet>~</datasheet>
      <libsource lib="Device" part="R_Small_US" description="Resistor, small US symbol"/>
      <sheetpath names="/" tstamps="/"/>
      <tstamp>5F7C2275</tstamp>
    </comp>
    <comp ref="Co2">
      <value>470n</value>
      <footprint>Capacitor_SMD:C_0603_1608Metric</footprint>
      <datasheet>~</datasheet>
      <libsource lib="Device" part="C_Small" description="Unpolarized capacitor, small symbol"/>
      <sheetpath names="/" tstamps="/"/>
      <tstamp>5F7C227B</tstamp>
    </comp>
    <comp ref="Cb1">
      <value>10u</value>
      <footprint>Capacitor_SMD:C_0603_1608Metric</footprint>
      <datasheet>~</datasheet>
      <libsource lib="Device" part="CP_Small" description="Polarized capacitor, small symbol"/>
      <sheetpath names="/" tstamps="/"/>
      <tstamp>5F7C2293</tstamp>
    </comp>
    <comp ref="Rb3">
      <value>15k</value>
      <footprint>Resistor_SMD:R_0603_1608Metric</footprint>
      <datasheet>~</datasheet>
      <libsource lib="Device" part="R_Small_US" description="Resistor, small US symbol"/>
      <sheetpath names="/" tstamps="/"/>
      <tstamp>5F7C22AF</tstamp>
    </comp>
    <comp ref="Rb1">
      <value>15k</value>
      <footprint>Resistor_SMD:R_0603_1608Metric</footprint>
      <datasheet>~</datasheet>
      <libsource lib="Device" part="R_Small_US" description="Resistor, small US symbol"/>
      <sheetpath names="/" tstamps="/"/>
      <tstamp>5F7C22B5</tstamp>
    </comp>
    <comp ref="C1">
      <value>100n</value>
      <footprint>Capacitor_SMD:C_0603_1608Metric</footprint>
      <datasheet>~</datasheet>
      <libsource lib="Device" part="C_Small" description="Unpolarized capacitor, small symbol"/>
      <sheetpath names="/" tstamps="/"/>
      <tstamp>5F7C22CF</tstamp>
    </comp>
    <comp ref="U1">
      <value>OPA2320SAIDGSR</value>
      <footprint>OPAMP_OPA2320S:OPA2320SAIDGSR</footprint>
      <libsource lib="OPAMP_OPA2320S" part="OPA2320SAIDGSR" description=""/>
      <sheetpath names="/" tstamps="/"/>
      <tstamp>5F7C22DD</tstamp>
    </comp>
    <comp ref="FB1">
      <value>100 @ 100 MHz</value>
      <footprint>Inductor_SMD:L_0603_1608Metric</footprint>
      <datasheet>~</datasheet>
      <libsource lib="Device" part="Ferrite_Bead_Small" description="Ferrite bead, small symbol"/>
      <sheetpath names="/" tstamps="/"/>
      <tstamp>5F7D9572</tstamp>
    </comp>
    <comp ref="F1">
      <value>500 mA</value>
      <footprint>Fuse:Fuse_0805_2012Metric</footprint>
      <datasheet>~</datasheet>
      <libsource lib="Device" part="Fuse_Small" description="Fuse, small symbol"/>
      <sheetpath names="/" tstamps="/"/>
      <tstamp>5F7D9578</tstamp>
    </comp>
    <comp ref="U2">
      <value>BQ24075</value>
      <footprint>BQ24075RGTR:QFN50P300X300X100-17N</footprint>
      <datasheet>http://www.ti.com/lit/ds/symlink/bq24075.pdf</datasheet>
      <libsource lib="Battery_Management" part="BQ24075" description="USB-Friendly Li-Ion Battery Charger and Power-Path Management"/>
      <sheetpath names="/" tstamps="/"/>
      <tstamp>5F7D9589</tstamp>
    </comp>
    <comp ref="C4">
      <value>4.7u</value>
      <footprint>Capacitor_SMD:C_0603_1608Metric</footprint>
      <datasheet>~</datasheet>
      <libsource lib="Device" part="C_Small" description="Unpolarized capacitor, small symbol"/>
      <sheetpath names="/" tstamps="/"/>
      <tstamp>5F7D959B</tstamp>
    </comp>
    <comp ref="R2">
      <value>10k</value>
      <footprint>Resistor_SMD:R_0603_1608Metric</footprint>
      <datasheet>~</datasheet>
      <libsource lib="Device" part="R_Small_US" description="Resistor, small US symbol"/>
      <sheetpath names="/" tstamps="/"/>
      <tstamp>5F7D95A8</tstamp>
    </comp>
    <comp ref="R1">
      <value>0</value>
      <footprint>Resistor_SMD:R_0603_1608Metric</footprint>
      <datasheet>~</datasheet>
      <libsource lib="Device" part="R_Small_US" description="Resistor, small US symbol"/>
      <sheetpath names="/" tstamps="/"/>
      <tstamp>5F7D95C2</tstamp>
    </comp>
    <comp ref="C3">
      <value>10u</value>
      <footprint>Capacitor_SMD:C_0603_1608Metric</footprint>
      <datasheet>~</datasheet>
      <libsource lib="Device" part="C_Small" description="Unpolarized capacitor, small symbol"/>
      <sheetpath names="/" tstamps="/"/>
      <tstamp>5F7D95D9</tstamp>
    </comp>
    <comp ref="R4">
      <value>1.8k</value>
      <footprint>Resistor_SMD:R_0603_1608Metric</footprint>
      <datasheet>~</datasheet>
      <libsource lib="Device" part="R_Small_US" description="Resistor, small US symbol"/>
      <sheetpath names="/" tstamps="/"/>
      <tstamp>5F7D95EC</tstamp>
    </comp>
    <comp ref="R3">
      <value>3.3k</value>
      <footprint>Resistor_SMD:R_0603_1608Metric</footprint>
      <datasheet>~</datasheet>
      <libsource lib="Device" part="R_Small_US" description="Resistor, small US symbol"/>
      <sheetpath names="/" tstamps="/"/>
      <tstamp>5F7D95F2</tstamp>
    </comp>
    <comp ref="C2">
      <value>4.7u</value>
      <footprint>Capacitor_SMD:C_0603_1608Metric</footprint>
      <datasheet>~</datasheet>
      <libsource lib="Device" part="C_Small" description="Unpolarized capacitor, small symbol"/>
      <sheetpath names="/" tstamps="/"/>
      <tstamp>5F7D9618</tstamp>
    </comp>
    <comp ref="BAT1">
      <value>1769</value>
      <footprint>Connector_JST:JST_PH_S2B-PH-K_1x02_P2.00mm_Horizontal</footprint>
      <libsource lib="Connector_JST_1769" part="1769" description=""/>
      <sheetpath names="/" tstamps="/"/>
      <tstamp>5F7D9624</tstamp>
    </comp>
    <comp ref="U3">
      <value>LD39200PU33R</value>
      <footprint>Regulator_LD39200PUR:LD39200PU33R</footprint>
      <libsource lib="Regulator_LD39200PUR" part="LD39200PU33R" description=""/>
      <sheetpath names="/" tstamps="/"/>
      <tstamp>5F819D3E</tstamp>
    </comp>
    <comp ref="C6">
      <value>10u</value>
      <footprint>Capacitor_SMD:C_0603_1608Metric</footprint>
      <datasheet>~</datasheet>
      <libsource lib="Device" part="C_Small" description="Unpolarized capacitor, small symbol"/>
      <sheetpath names="/" tstamps="/"/>
      <tstamp>5F819D44</tstamp>
    </comp>
    <comp ref="C5">
      <value>10u</value>
      <footprint>Capacitor_SMD:C_0603_1608Metric</footprint>
      <datasheet>~</datasheet>
      <libsource lib="Device" part="C_Small" description="Unpolarized capacitor, small symbol"/>
      <sheetpath names="/" tstamps="/"/>
      <tstamp>5F819D4A</tstamp>
    </comp>
    <comp ref="LED1">
      <value>R</value>
      <footprint>LED_SMD:LED_0603_1608Metric</footprint>
      <datasheet>~</datasheet>
      <libsource lib="Device" part="LED_Small" description="Light emitting diode, small symbol"/>
      <sheetpath names="/" tstamps="/"/>
      <tstamp>5F819D7E</tstamp>
    </comp>
    <comp ref="R5">
      <value>160</value>
      <footprint>Resistor_SMD:R_0603_1608Metric</footprint>
      <datasheet>~</datasheet>
      <libsource lib="Device" part="R_Small_US" description="Resistor, small US symbol"/>
      <sheetpath names="/" tstamps="/"/>
      <tstamp>5F819D84</tstamp>
    </comp>
    <comp ref="J1">
      <value>Micro USB</value>
      <footprint>10118193-0001LF:FCI_10118193-0001LF</footprint>
      <datasheet>Unavailable</datasheet>
      <fields>
        <field name="Field4">Single Port 5 Contact Shielded SMT MICRO USB B-Type Receptacle</field>
        <field name="Field5">10118193-0001LF</field>
        <field name="Field6">None</field>
        <field name="Field7">Amphenol FCI</field>
        <field name="Field8">None</field>
      </fields>
      <libsource lib="10118193-0001LF" part="10118193-0001LF" description=""/>
      <sheetpath names="/" tstamps="/"/>
      <tstamp>5F835E54</tstamp>
    </comp>
    <comp ref="J2">
      <value>Conn_01x10</value>
      <footprint>Connector_PinSocket_2.54mm:PinSocket_1x10_P2.54mm_Vertical</footprint>
      <datasheet>~</datasheet>
      <libsource lib="Connector_Generic" part="Conn_01x10" description="Generic connector, single row, 01x10, script generated (kicad-library-utils/schlib/autogen/connector/)"/>
      <sheetpath names="/" tstamps="/"/>
      <tstamp>5F8C7CD2</tstamp>
    </comp>
    <comp ref="TP1">
      <value>TestPoint</value>
      <footprint>digikey-footprints:PROBE_PAD_0603</footprint>
      <datasheet>~</datasheet>
      <libsource lib="Connector" part="TestPoint" description="test point"/>
      <sheetpath names="/" tstamps="/"/>
      <tstamp>5F91D9BA</tstamp>
    </comp>
    <comp ref="TP2">
      <value>TestPoint</value>
      <footprint>digikey-footprints:PROBE_PAD_0603</footprint>
      <datasheet>~</datasheet>
      <libsource lib="Connector" part="TestPoint" description="test point"/>
      <sheetpath names="/" tstamps="/"/>
      <tstamp>5F91E2A7</tstamp>
    </comp>
    <comp ref="TP3">
      <value>TestPoint</value>
      <footprint>digikey-footprints:PROBE_PAD_0603</footprint>
      <datasheet>~</datasheet>
      <libsource lib="Connector" part="TestPoint" description="test point"/>
      <sheetpath names="/" tstamps="/"/>
      <tstamp>5F91E449</tstamp>
    </comp>
    <comp ref="TP4">
      <value>TestPoint</value>
      <footprint>digikey-footprints:PROBE_PAD_0603</footprint>
      <datasheet>~</datasheet>
      <libsource lib="Connector" part="TestPoint" description="test point"/>
      <sheetpath names="/" tstamps="/"/>
      <tstamp>5F91E605</tstamp>
    </comp>
    <comp ref="TP5">
      <value>TestPoint</value>
      <footprint>digikey-footprints:PROBE_PAD_0603</footprint>
      <datasheet>~</datasheet>
      <libsource lib="Connector" part="TestPoint" description="test point"/>
      <sheetpath names="/" tstamps="/"/>
      <tstamp>5F91E789</tstamp>
    </comp>
    <comp ref="TP6">
      <value>TestPoint</value>
      <footprint>digikey-footprints:PROBE_PAD_0603</footprint>
      <datasheet>~</datasheet>
      <libsource lib="Connector" part="TestPoint" description="test point"/>
      <sheetpath names="/" tstamps="/"/>
      <tstamp>5F9B2787</tstamp>
    </comp>
    <comp ref="J3">
      <value>Conn_01x02</value>
      <footprint>Connector_PinSocket_2.54mm:PinSocket_1x02_P2.54mm_Vertical</footprint>
      <datasheet>~</datasheet>
      <libsource lib="Connector_Generic" part="Conn_01x02" description="Generic connector, single row, 01x02, script generated (kicad-library-utils/schlib/autogen/connector/)"/>
      <sheetpath names="/" tstamps="/"/>
      <tstamp>5FA268BC</tstamp>
    </comp>
    <comp ref="R6">
      <value>0</value>
      <footprint>Resistor_SMD:R_0603_1608Metric</footprint>
      <datasheet>~</datasheet>
      <libsource lib="Device" part="R_Small_US" description="Resistor, small US symbol"/>
      <sheetpath names="/" tstamps="/"/>
      <tstamp>5FA4A89D</tstamp>
    </comp>
  </components>
  <libparts>
    <libpart lib="10118193-0001LF" part="10118193-0001LF">
      <fields>
        <field name="Reference">J</field>
        <field name="Value">10118193-0001LF</field>
        <field name="Footprint">FCI_10118193-0001LF</field>
        <field name="Datasheet">Unavailable</field>
        <field name="Field4">Single Port 5 Contact Shielded SMT MICRO USB B-Type Receptacle</field>
        <field name="Field5">10118193-0001LF</field>
        <field name="Field6">None</field>
        <field name="Field7">Amphenol FCI</field>
        <field name="Field8">None</field>
      </fields>
      <pins>
        <pin num="1" name="VUSB" type="passive"/>
        <pin num="2" name="D-" type="passive"/>
        <pin num="3" name="D+" type="passive"/>
        <pin num="4" name="ID" type="passive"/>
        <pin num="5" name="GND" type="passive"/>
        <pin num="S1" name="SHIELD" type="passive"/>
        <pin num="S2" name="SHIELD" type="passive"/>
        <pin num="S3" name="SHIELD" type="passive"/>
        <pin num="S4" name="SHIELD" type="passive"/>
        <pin num="S5" name="SHIELD" type="passive"/>
        <pin num="S6" name="SHIELD" type="passive"/>
      </pins>
    </libpart>
    <libpart lib="Battery_Management" part="BQ24075">
      <description>USB-Friendly Li-Ion Battery Charger and Power-Path Management</description>
      <docs>http://www.ti.com/lit/ds/symlink/bq24075.pdf</docs>
      <footprints>
        <fp>RGT*</fp>
        <fp>QFN*</fp>
      </footprints>
      <fields>
        <field name="Reference">U</field>
        <field name="Value">BQ24075</field>
      </fields>
      <pins>
        <pin num="1" name="TS" type="passive"/>
        <pin num="2" name="BAT" type="power_out"/>
        <pin num="3" name="BAT" type="power_out"/>
        <pin num="4" name="~CE" type="input"/>
        <pin num="5" name="EN2" type="input"/>
        <pin num="6" name="EN1" type="input"/>
        <pin num="7" name="~PGOOD" type="openCol"/>
        <pin num="8" name="VSS" type="power_in"/>
        <pin num="9" name="~CHG" type="openCol"/>
        <pin num="10" name="OUT" type="power_out"/>
        <pin num="11" name="OUT" type="power_out"/>
        <pin num="12" name="ILIM" type="passive"/>
        <pin num="13" name="IN" type="power_in"/>
        <pin num="14" name="TMR" type="input"/>
        <pin num="15" name="SYSOFF" type="input"/>
        <pin num="16" name="ISET" type="passive"/>
        <pin num="17" name="PAD" type="power_in"/>
      </pins>
    </libpart>
    <libpart lib="Connector" part="TestPoint">
      <description>test point</description>
      <docs>~</docs>
      <footprints>
        <fp>Pin*</fp>
        <fp>Test*</fp>
      </footprints>
      <fields>
        <field name="Reference">TP</field>
        <field name="Value">TestPoint</field>
      </fields>
      <pins>
        <pin num="1" name="1" type="passive"/>
      </pins>
    </libpart>
    <libpart lib="Connector_Generic" part="Conn_01x02">
      <description>Generic connector, single row, 01x02, script generated (kicad-library-utils/schlib/autogen/connector/)</description>
      <docs>~</docs>
      <footprints>
        <fp>Connector*:*_1x??_*</fp>
      </footprints>
      <fields>
        <field name="Reference">J</field>
        <field name="Value">Conn_01x02</field>
      </fields>
      <pins>
        <pin num="1" name="Pin_1" type="passive"/>
        <pin num="2" name="Pin_2" type="passive"/>
      </pins>
    </libpart>
    <libpart lib="Connector_Generic" part="Conn_01x10">
      <description>Generic connector, single row, 01x10, script generated (kicad-library-utils/schlib/autogen/connector/)</description>
      <docs>~</docs>
      <footprints>
        <fp>Connector*:*_1x??_*</fp>
      </footprints>
      <fields>
        <field name="Reference">J</field>
        <field name="Value">Conn_01x10</field>
      </fields>
      <pins>
        <pin num="1" name="Pin_1" type="passive"/>
        <pin num="2" name="Pin_2" type="passive"/>
        <pin num="3" name="Pin_3" type="passive"/>
        <pin num="4" name="Pin_4" type="passive"/>
        <pin num="5" name="Pin_5" type="passive"/>
        <pin num="6" name="Pin_6" type="passive"/>
        <pin num="7" name="Pin_7" type="passive"/>
        <pin num="8" name="Pin_8" type="passive"/>
        <pin num="9" name="Pin_9" type="passive"/>
        <pin num="10" name="Pin_10" type="passive"/>
      </pins>
    </libpart>
    <libpart lib="Connector_JST_1769" part="1769">
      <footprints>
        <fp>CONN_1769_ADA</fp>
      </footprints>
      <fields>
        <field name="Reference">J</field>
        <field name="Value">1769</field>
        <field name="Footprint">CONN_1769_ADA</field>
      </fields>
      <pins>
        <pin num="1" name="1" type="unspc"/>
        <pin num="2" name="2" type="unspc"/>
      </pins>
    </libpart>
    <libpart lib="Device" part="CP_Small">
      <description>Polarized capacitor, small symbol</description>
      <docs>~</docs>
      <footprints>
        <fp>CP_*</fp>
      </footprints>
      <fields>
        <field name="Reference">C</field>
        <field name="Value">CP_Small</field>
      </fields>
      <pins>
        <pin num="1" name="~" type="passive"/>
        <pin num="2" name="~" type="passive"/>
      </pins>
    </libpart>
    <libpart lib="Device" part="C_Small">
      <description>Unpolarized capacitor, small symbol</description>
      <docs>~</docs>
      <footprints>
        <fp>C_*</fp>
      </footprints>
      <fields>
        <field name="Reference">C</field>
        <field name="Value">C_Small</field>
      </fields>
      <pins>
        <pin num="1" name="~" type="passive"/>
        <pin num="2" name="~" type="passive"/>
      </pins>
    </libpart>
    <libpart lib="Device" part="Ferrite_Bead_Small">
      <description>Ferrite bead, small symbol</description>
      <docs>~</docs>
      <footprints>
        <fp>Inductor_*</fp>
        <fp>L_*</fp>
        <fp>*Ferrite*</fp>
      </footprints>
      <fields>
        <field name="Reference">FB</field>
        <field name="Value">Ferrite_Bead_Small</field>
      </fields>
      <pins>
        <pin num="1" name="~" type="passive"/>
        <pin num="2" name="~" type="passive"/>
      </pins>
    </libpart>
    <libpart lib="Device" part="Fuse_Small">
      <description>Fuse, small symbol</description>
      <docs>~</docs>
      <footprints>
        <fp>SM*</fp>
      </footprints>
      <fields>
        <field name="Reference">F</field>
        <field name="Value">Fuse_Small</field>
      </fields>
      <pins>
        <pin num="1" name="~" type="passive"/>
        <pin num="2" name="~" type="passive"/>
      </pins>
    </libpart>
    <libpart lib="Device" part="LED_Small">
      <description>Light emitting diode, small symbol</description>
      <docs>~</docs>
      <footprints>
        <fp>LED*</fp>
        <fp>LED_SMD:*</fp>
        <fp>LED_THT:*</fp>
      </footprints>
      <fields>
        <field name="Reference">D</field>
        <field name="Value">LED_Small</field>
      </fields>
      <pins>
        <pin num="1" name="K" type="passive"/>
        <pin num="2" name="A" type="passive"/>
      </pins>
    </libpart>
    <libpart lib="Device" part="R_Small_US">
      <description>Resistor, small US symbol</description>
      <docs>~</docs>
      <footprints>
        <fp>R_*</fp>
      </footprints>
      <fields>
        <field name="Reference">R</field>
        <field name="Value">R_Small_US</field>
      </fields>
      <pins>
        <pin num="1" name="~" type="passive"/>
        <pin num="2" name="~" type="passive"/>
      </pins>
    </libpart>
    <libpart lib="OPAMP_OPA2320S" part="OPA2320SAIDGSR">
      <footprints>
        <fp>DGS10_TEX</fp>
        <fp>DGS10_TEX-M</fp>
        <fp>DGS10_TEX-L</fp>
      </footprints>
      <fields>
        <field name="Reference">U</field>
        <field name="Value">OPA2320SAIDGSR</field>
        <field name="Footprint">DGS10_TEX</field>
      </fields>
      <pins>
        <pin num="1" name="VOUTA" type="output"/>
        <pin num="2" name="-INA" type="input"/>
        <pin num="3" name="+INA" type="input"/>
        <pin num="4" name="V-" type="power_in"/>
        <pin num="5" name="*SHDNA" type="unspc"/>
        <pin num="6" name="*SHDNB" type="unspc"/>
        <pin num="7" name="+INB" type="input"/>
        <pin num="8" name="-INB" type="input"/>
        <pin num="9" name="VOUTB" type="output"/>
        <pin num="10" name="V+" type="power_in"/>
      </pins>
    </libpart>
    <libpart lib="Regulator_LD39200PUR" part="LD39200PU33R">
      <footprints>
        <fp>SON_DFN6_3X3_STM</fp>
        <fp>SON_DFN6_3X3_STM-M</fp>
        <fp>SON_DFN6_3X3_STM-L</fp>
      </footprints>
      <fields>
        <field name="Reference">U</field>
        <field name="Value">LD39200PU33R</field>
        <field name="Footprint">SON_DFN6_3X3_STM</field>
      </fields>
      <pins>
        <pin num="1" name="OUT" type="output"/>
        <pin num="2" name="ADJ/SENSE" type="unspc"/>
        <pin num="3" name="GND" type="power_in"/>
        <pin num="4" name="PG" type="unspc"/>
        <pin num="5" name="EN" type="unspc"/>
        <pin num="6" name="IN" type="power_in"/>
        <pin num="7" name="EPAD" type="power_in"/>
      </pins>
    </libpart>
  </libparts>
  <libraries>
    <library logical="10118193-0001LF">
      <uri>C:/Users/Jacob Smith/Documents/School/Spring 2020/ECE4011/Design Project/PCB Design/Project Library/10118193-0001LF/10118193-0001LF.lib</uri>
    </library>
    <library logical="Battery_Management">
      <uri>C:\Program Files\KiCad\share\kicad\library/Battery_Management.lib</uri>
    </library>
    <library logical="Connector">
      <uri>C:\Program Files\KiCad\share\kicad\library/Connector.lib</uri>
    </library>
    <library logical="Connector_Generic">
      <uri>C:\Program Files\KiCad\share\kicad\library/Connector_Generic.lib</uri>
    </library>
    <library logical="Connector_JST_1769">
      <uri>C:/Users/Jacob Smith/Documents/School/Spring 2020/ECE4011/Design Project/PCB Design/Project Library/ul_1769/KiCAD/2020-07-18_19-49-01/2020-07-18_19-49-01.lib</uri>
    </library>
    <library logical="Device">
      <uri>C:\Program Files\KiCad\share\kicad\library/Device.lib</uri>
    </library>
    <library logical="OPAMP_OPA2320S">
      <uri>C:/Users/Jacob Smith/Documents/School/Spring 2020/ECE4011/Design Project/PCB Design/Project Library/ul_OPA2320SAIDGSR/KiCAD/2020-08-01_13-28-18/2020-08-01_13-28-18.lib</uri>
    </library>
    <library logical="Regulator_LD39200PUR">
      <uri>C:/Users/Jacob Smith/Documents/School/Spring 2020/ECE4011/Design Project/PCB Design/Project Library/ul_LD39200PU33R/KiCAD/2020-07-21_16-31-02/2020-07-21_16-31-02.lib</uri>
    </library>
  </libraries>
  <nets>
    <net code="1" name="Net-(U3-Pad4)">
      <node ref="U3" pin="4"/>
    </net>
    <net code="2" name="Net-(R2-Pad2)">
      <node ref="R2" pin="2"/>
      <node ref="U2" pin="1"/>
    </net>
    <net code="3" name="GND">
      <node ref="R3" pin="2"/>
      <node ref="R4" pin="2"/>
      <node ref="U1" pin="4"/>
      <node ref="Co2" pin="1"/>
      <node ref="U2" pin="8"/>
      <node ref="Rb3" pin="2"/>
      <node ref="Cb2" pin="2"/>
      <node ref="J3" pin="2"/>
      <node ref="R6" pin="1"/>
      <node ref="R5" pin="1"/>
      <node ref="J2" pin="9"/>
      <node ref="J2" pin="8"/>
      <node ref="J2" pin="5"/>
      <node ref="J1" pin="5"/>
      <node ref="U2" pin="15"/>
      <node ref="U2" pin="17"/>
      <node ref="U2" pin="4"/>
      <node ref="U2" pin="5"/>
      <node ref="C2" pin="2"/>
      <node ref="R2" pin="1"/>
      <node ref="BAT1" pin="2"/>
      <node ref="U3" pin="7"/>
      <node ref="C4" pin="1"/>
      <node ref="U3" pin="3"/>
      <node ref="Co1" pin="1"/>
      <node ref="Cb1" pin="2"/>
      <node ref="C3" pin="2"/>
      <node ref="R1" pin="1"/>
      <node ref="C1" pin="2"/>
      <node ref="C5" pin="2"/>
      <node ref="C6" pin="2"/>
    </net>
    <net code="4" name="BAT">
      <node ref="U2" pin="3"/>
      <node ref="U2" pin="2"/>
      <node ref="TP1" pin="1"/>
      <node ref="BAT1" pin="1"/>
      <node ref="C2" pin="1"/>
    </net>
    <net code="5" name="+5V">
      <node ref="C3" pin="1"/>
      <node ref="FB1" pin="1"/>
      <node ref="U2" pin="13"/>
    </net>
    <net code="6" name="Net-(R1-Pad2)">
      <node ref="U2" pin="14"/>
      <node ref="R1" pin="2"/>
    </net>
    <net code="7" name="Net-(R4-Pad1)">
      <node ref="U2" pin="16"/>
      <node ref="R4" pin="1"/>
    </net>
    <net code="8" name="Net-(R3-Pad1)">
      <node ref="U2" pin="12"/>
      <node ref="R3" pin="1"/>
    </net>
    <net code="9" name="VBUS">
      <node ref="F1" pin="1"/>
      <node ref="J1" pin="1"/>
      <node ref="TP5" pin="1"/>
    </net>
    <net code="10" name="Net-(J1-Pad3)">
      <node ref="J1" pin="3"/>
    </net>
    <net code="11" name="Net-(J1-Pad2)">
      <node ref="J1" pin="2"/>
    </net>
    <net code="12" name="Net-(J1-PadS1)">
      <node ref="J1" pin="S1"/>
      <node ref="J1" pin="S2"/>
      <node ref="J1" pin="S3"/>
      <node ref="J1" pin="S4"/>
      <node ref="J1" pin="S5"/>
      <node ref="J1" pin="S6"/>
      <node ref="R6" pin="2"/>
    </net>
    <net code="13" name="+3V3">
      <node ref="Rb1" pin="1"/>
      <node ref="J2" pin="7"/>
      <node ref="TP6" pin="1"/>
      <node ref="U1" pin="5"/>
      <node ref="J2" pin="4"/>
      <node ref="J3" pin="1"/>
      <node ref="U1" pin="10"/>
      <node ref="U3" pin="1"/>
      <node ref="C5" pin="1"/>
      <node ref="LED1" pin="2"/>
      <node ref="C1" pin="1"/>
      <node ref="U1" pin="6"/>
      <node ref="U3" pin="2"/>
    </net>
    <net code="14" name="Net-(J1-Pad4)">
      <node ref="J1" pin="4"/>
    </net>
    <net code="15" name="Net-(LED1-Pad1)">
      <node ref="R5" pin="2"/>
      <node ref="LED1" pin="1"/>
    </net>
    <net code="16" name="MIC_R">
      <node ref="J2" pin="6"/>
      <node ref="Cin2" pin="1"/>
    </net>
    <net code="17" name="MIC_L">
      <node ref="Cin1" pin="1"/>
      <node ref="J2" pin="3"/>
    </net>
    <net code="18" name="MIC_R_OUT">
      <node ref="Co2" pin="2"/>
      <node ref="Rf2" pin="1"/>
      <node ref="Ro2" pin="1"/>
      <node ref="J2" pin="2"/>
    </net>
    <net code="19" name="3V3_ENABLE">
      <node ref="J2" pin="10"/>
      <node ref="U3" pin="5"/>
    </net>
    <net code="20" name="MIC_L_OUT">
      <node ref="Co1" pin="2"/>
      <node ref="Ro1" pin="1"/>
      <node ref="Rf1" pin="1"/>
      <node ref="J2" pin="1"/>
    </net>
    <net code="21" name="Net-(Cin2-Pad2)">
      <node ref="Cin2" pin="2"/>
      <node ref="Rin2" pin="1"/>
    </net>
    <net code="22" name="VOUTB">
      <node ref="Cf2" pin="1"/>
      <node ref="U1" pin="9"/>
      <node ref="Ro2" pin="2"/>
    </net>
    <net code="23" name="-INB">
      <node ref="Cf2" pin="2"/>
      <node ref="Rf2" pin="2"/>
      <node ref="Rin2" pin="2"/>
      <node ref="U1" pin="8"/>
    </net>
    <net code="24" name="Net-(Cb1-Pad1)">
      <node ref="Rb3" pin="1"/>
      <node ref="Rb1" pin="2"/>
      <node ref="Cb1" pin="1"/>
      <node ref="Rb2" pin="2"/>
    </net>
    <net code="25" name="+INA">
      <node ref="U1" pin="3"/>
      <node ref="U1" pin="7"/>
      <node ref="Cb2" pin="1"/>
      <node ref="Rb2" pin="1"/>
    </net>
    <net code="26" name="Net-(Cin1-Pad2)">
      <node ref="Rin1" pin="1"/>
      <node ref="Cin1" pin="2"/>
    </net>
    <net code="27" name="-INA">
      <node ref="Rin1" pin="2"/>
      <node ref="Cf1" pin="2"/>
      <node ref="Rf1" pin="2"/>
      <node ref="U1" pin="2"/>
    </net>
    <net code="28" name="VOUTA">
      <node ref="Cf1" pin="1"/>
      <node ref="U1" pin="1"/>
      <node ref="Ro1" pin="2"/>
    </net>
    <net code="29" name="UNREG_POWER">
      <node ref="U3" pin="6"/>
      <node ref="C6" pin="1"/>
      <node ref="TP4" pin="1"/>
      <node ref="U2" pin="6"/>
      <node ref="U2" pin="10"/>
      <node ref="U2" pin="11"/>
      <node ref="C4" pin="2"/>
    </net>
    <net code="30" name="Net-(F1-Pad2)">
      <node ref="FB1" pin="2"/>
      <node ref="F1" pin="2"/>
    </net>
    <net code="31" name="!CHG">
      <node ref="U2" pin="9"/>
      <node ref="TP3" pin="1"/>
    </net>
    <net code="32" name="!PGOOD">
      <node ref="U2" pin="7"/>
      <node ref="TP2" pin="1"/>
    </net>
  </nets>
</export>
